SiteID,PlotID,Transect,Species,Start_m,End_m,Width_m,Ht_avg_m,Date
MANFV,MANFV29,NESW,Amma,0.4,0.6,0.1,0.2,7/10/2024
MANFV,MANFV29,NESW,soil,0.1,0.4,,,7/10/2024
MANFV,MANFV29,NESW,Amma,0.9,1.2,0.25,0.3,7/10/2024
MANFV,MANFV29,NESW,soil,0.6,0.9,,,7/10/2024
MANFV,MANFV29,NESW,Amma,3.4,4.9,1,0.5,7/10/2024
MANFV,MANFV29,NESW,soil,1.2,3.4,,,7/10/2024
MANFV,MANFV29,NWSE,Amma,4.9,5.1,0.2,0.15,7/10/2024
MANFV,MANFV29,NWSE,Amma,5.6,5.8,0.15,0.15,7/10/2024
MANFV,MANFV29,NESW,soil,5.2,6.7,,,7/10/2024
MANFV,MANFV29,NWSE,Amma,8.5,8.7,0.5,0.6,7/10/2024
MANFV,MANFV29,NWSE,Amma,11.8,12.7,0.9,1,7/10/2024
MANFV,MANFV29,NWSE,Amma,17.0,18.7,0.5,0.45,7/10/2024
MANFV,MANFV29,NESW,soil,7.3,7.9,,,7/10/2024
MANFV,MANFV28,NESW,Amma,0.0,0.2,1.3,0.6,7/9/2024
MANFV,MANFV29,NESW,soil,8.9,10.0,,,7/10/2024
MANFV,MANFV28,NESW,Amma,1.2,2.3,1,0.8,7/9/2024
MANFV,MANFV29,NESW,soil,10.7,11.8,,,7/10/2024
MANFV,MANFV28,NESW,Amma,3.7,8.2,1.05,0.7,7/9/2024
MANFV,MANFV29,NESW,soil,12.6,13.5,,,7/10/2024
MANFV,MANFV28,NESW,Amma,8.5,11.0,1.6,0.7,7/9/2024
MANFV,MANFV29,NESW,soil,14.3,14.5,,,7/10/2024
MANFV,MANFV28,NESW,Amma,16.5,17.1,0.5,0.5,7/9/2024
MANFV,MANFV29,NESW,soil,15.2,15.9,,,7/10/2024
MANFV,MANFV28,NESW,Amma,19.2,20.0,0.9,0.9,7/9/2024
MANFV,MANFV28,NWSE,Amma,1.7,3.2,1.3,0.8,7/9/2024
MANFV,MANFV29,NESW,soil,17.2,18.6,,,7/10/2024
MANFV,MANFV28,NWSE,Amma,4.5,4.7,3,0.7,7/9/2024
MANFV,MANFV28,NWSE,Amma,5.2,5.8,0.8,0.3,7/9/2024
MANFV,MANFV29,NESW,soil,19.4,20.0,,,7/10/2024
MANFV,MANFV29,NWSE,rock,0.0,0.2,,,7/10/2024
MANFV,MANFV29,NWSE,soil,0.2,0.7,,,7/10/2024
MANFV,MANFV28,NWSE,Amma,6.9,11.3,4.5,1,7/9/2024
MANFV,MANFV29,NWSE,soil,1.7,4.9,,,7/10/2024
MANFV,MANFV28,NWSE,Amma,12.5,13.9,1.1,0.6,7/9/2024
MANFV,MANFV29,NWSE,soil,5.1,5.6,,,7/10/2024
MANFV,MANFV28,NWSE,Amma,15.4,17.7,3,0.8,7/9/2024
MANFV,MANFV29,NWSE,soil,5.8,7.7,,,7/10/2024
MANFV,MANFV28,NWSE,Amma,19.5,20.0,4,0.8,7/9/2024
MANFV,MANFV20,NWSE,Amma,19.7,20,1,0.7,6/26/2024
MANFV,MANFV15,NESW,Amma,13.5,14.3,1,0.6,6/13/2024
MANFV,MANFV15,NESW,Amma,15.1,15.5,0.5,0.4,6/13/2024
MANFV,MANFV29,NWSE,soil,8.8,10.4,,,7/10/2024
MANFV,MANFV09,NESW,Amma,15.8,16.6,5.5,0.5,5/21/2024
MANFV,MANFV09,NESW,Amma,18.0,18.8,0.7,0.6,5/21/2024
MANFV,MANFV29,NWSE,soil,11.4,11.8,,,7/10/2024
MANFV,MANFV09,NWSE,Amma,1.0,1.7,0.5,0.5,5/21/2024
MANFV,MANFV29,NWSE,rock,12.7,13.1,,,7/10/2024
MANFV,MANFV02,NESW,Amma,3.1,5.2,0.8,1.2,4/12/2024
MANFV,MANFV02,NESW,Amma,9.3,9.5,0.15,0.2,4/12/2024
MANFV,MANFV02,NESW,Amma,15.3,16.8,1.2,1.4,4/12/2024
MANFV,MANFV02,NESW,Amma,18.9,20.0,0.85,0.9,4/12/2024
MANFV,MANFV02,NWSE,Amma,7.5,8.3,0.8,0.85,4/12/2024
MANFV,MANFV29,NWSE,soil,16.8,17.0,,,7/10/2024
MANFV,MANFV02,NWSE,Amma,11.7,12.9,0.93,1.35,4/12/2024
MANFV,MANFV02,NWSE,Amma,17.8,18.0,0.3,0.3,4/12/2024
MANFV,MANFV29,NWSE,soil,18.7,19.1,,,7/10/2024
MANFV,MANFV01,NESW,Amma,2.5,5.1,0.16,0.42,4/11/2024
MANFV,MANFV29,NWSE,Ancy,19.1,19.6,0.45,0.35,7/10/2024
MANFV,MANFV28,NESW,Ancy,10.5,10.8,0.35,0.35,7/9/2024
MANFV,MANFV28,NESW,soil,0.2,1.2,,,7/9/2024
MANFV,MANFV28,NESW,Ancy,14.9,15.6,0.65,0.3,7/9/2024
MANFV,MANFV05,NWSE,Ancy,1.8,2.4,0.55,1.2,5/6/2024
MANFV,MANFV05,NWSE,Ancy,15.1,15.8,0.6,0.9,5/6/2024
MANFV,MANFV28,NESW,soil,3.1,3.7,,,7/9/2024
MANFV,MANFV01,NESW,Ancy,6.4,6.6,0.65,1.7,4/11/2024
MANFV,MANFV28,NESW,soil,8.2,8.5,,,7/9/2024
MANFV,MANFV01,NWSE,Ancy,1.7,3.9,1.2,0.84,4/11/2024
MANFV,MANFV01,NWSE,Ancy,6.3,7.9,0.83,1.6,4/11/2024
MANFV,MANFV28,NESW,soil,10.8,14.9,,,7/9/2024
MANFV,MANFV01,NWSE,Ancy,8.2,8.4,1.2,0.92,4/11/2024
MANFV,MANFV28,NESW,soil,15.6,16.0,,,7/9/2024
MANFV,MANFV20,NWSE,Asac,2.2,2.35,0.6,0.3,6/26/2024
MANFV,MANFV20,NWSE,Asac,3.2,3.4,0.3,0.3,6/26/2024
MANFV,MANFV09,NWSE,Asac,12.4,12.9,0.4,0.6,5/21/2024
MANFV,MANFV01,NESW,Asac,3.3,3.7,0.2,0.4,4/11/2024
MANFV,MANFV01,NESW,Asac,4.2,4.3,0.25,0.7,4/11/2024
MANFV,MANFV01,NESW,Asac,9.3,9.3,0.75,0.11,4/11/2024
MANFV,MANFV01,NWSE,Asac,1.1,1.7,1,1.3,4/11/2024
MANFV,MANFV01,NESW,Asra,0.2,0.2,0.4,0.5,4/11/2024
MANFV,MANFV01,NWSE,Asra,3.9,4.1,0.23,0.89,4/11/2024
MANFV,MANFV28,NWSE,soil,4.7,5.2,,,7/9/2024
MANFV,MANFV01,NWSE,Asra,7.6,7.8,0.53,0.2,4/11/2024
MANFV,MANFV28,NWSE,soil,5.8,6.9,,,7/9/2024
MANFV,MANFV01,NWSE,Asra,16.0,16.2,0.1,0.15,4/11/2024
MANFV,MANFV28,NWSE,soil,11.3,12.5,,,7/9/2024
MANFV,MANFV01,NWSE,Asra,17.8,17.8,0.04,0.23,4/11/2024
MANFV,MANFV28,NWSE,soil,13.9,15.4,,,7/9/2024
MANFV,MANFV23,NESW,Brre,16.3,16.6,2,0.3,7/3/2024
MANFV,MANFV28,NWSE,soil,17.7,18.5,,,7/9/2024
MANFV,MANFV28,NWSE,rock,18.5,19.5,,,7/9/2024
MANFV,MANFV23,NESW,Brre,18.8,20.0,4,0.3,7/3/2024
MANFV,MANFV27,NESW,soil,0.0,0.1,,,7/8/2024
MANFV,MANFV27,NESW,Amma,2.3,4.2,2,1.5,7/8/2024
MANFV,MANFV27,NESW,Amma,8.9,9.3,0.4,0.6,7/8/2024
MANFV,MANFV27,NESW,Amma,18.0,19.4,2,0.5,7/8/2024
MANFV,MANFV27,NESW,soil,1.7,4.3,,,7/8/2024
MANFV,MANFV27,NWSE,Amma,1.5,3.5,0.7,1,7/8/2024
MANFV,MANFV27,NWSE,Amma,5.8,6.5,0.9,0.6,7/8/2024
MANFV,MANFV27,NWSE,Amma,7.0,7.6,0.6,0.6,7/8/2024
MANFV,MANFV27,NWSE,Amma,13.2,14.2,0.7,1,7/8/2024
MANFV,MANFV27,NWSE,Amma,18.0,19.1,1.1,0.55,7/8/2024
MANFV,MANFV25,NWSE,Amma,0.3,1.0,1.5,1.3,7/4/2024
MANFV,MANFV19,NWSE,Amma,3.2,4.2,0.7,0.9,6/20/2024
MANFV,MANFV19,NWSE,Amma,7.5,8.2,0.6,0.7,6/20/2024
MANFV,MANFV19,NWSE,Amma,10.8,11.7,0.95,0.65,6/20/2024
MANFV,MANFV19,NWSE,Amma,19.0,20.0,1.4,0.6,6/20/2024
MANFV,MANFV18,NESW,Amma,18.0,18.3,0.5,0.4,6/19/2024
MANFV,MANFV18,NWSE,Amma,0.5,0.9,0.6,0.5,6/19/2024
MANFV,MANFV27,NESW,rock,9.0,16.4,,,7/8/2024
MANFV,MANFV17,NESW,Amma,0.0,0.5,0.7,0.6,6/19/2024
MANFV,MANFV17,NESW,Amma,1.4,2.1,1,0.6,6/19/2024
MANFV,MANFV17,NESW,Amma,3.4,3.7,0.4,0.6,6/19/2024
MANFV,MANFV17,NESW,Amma,4.1,4.3,0.7,0.6,6/19/2024
MANFV,MANFV17,NESW,Amma,6.8,7.1,0.5,0.55,6/19/2024
MANFV,MANFV17,NESW,Amma,14.5,15.6,0.35,0.4,6/19/2024
MANFV,MANFV17,NESW,Amma,15.4,15.7,0.4,0.5,6/19/2024
MANFV,MANFV17,NESW,Amma,17.2,17.8,0.5,0.7,6/19/2024
MANFV,MANFV17,NWSE,Amma,1.0,1.8,1,1.1,6/19/2024
MANFV,MANFV27,NESW,soil,17.3,17.6,,,7/8/2024
MANFV,MANFV17,NWSE,Amma,12.2,12.5,0.8,0.5,6/19/2024
MANFV,MANFV17,NWSE,Amma,13.5,14.5,1.1,0.8,6/19/2024
MANFV,MANFV17,NWSE,Amma,15.7,16.2,0.2,0.7,6/19/2024
MANFV,MANFV17,NWSE,Amma,18.5,18.8,0.3,0.3,6/19/2024
MANFV,MANFV27,NWSE,rock,0.0,0.4,,,7/8/2024
MANFV,MANFV14,NESW,Amma,0.3,1.1,0.85,0.8,6/12/2024
MANFV,MANFV27,NWSE,soil,0.8,1.5,,,7/8/2024
MANFV,MANFV14,NESW,Amma,16.4,17.1,0.5,0.6,6/12/2024
MANFV,MANFV14,NWSE,Amma,6.6,7.3,0.8,0.6,6/12/2024
MANFV,MANFV14,NWSE,Amma,10.9,11.6,1.5,1,6/12/2024
MANFV,MANFV11,NESW,Amma,4.7,5.9,1.6,0.7,5/29/2024
MANFV,MANFV11,NESW,Amma,10.7,11.0,0.95,0.6,5/29/2024
MANFV,MANFV11,NESW,Amma,12.1,12.4,0.5,0.7,5/29/2024
MANFV,MANFV11,NESW,Amma,13.2,14.6,1,0.7,5/29/2024
MANFV,MANFV27,NWSE,rock,6.6,7.1,,,7/8/2024
MANFV,MANFV11,NWSE,Amma,2.6,4.8,0.7,0.8,5/29/2024
MANFV,MANFV11,NWSE,Amma,5.6,6.0,0.6,0.5,5/29/2024
MANFV,MANFV11,NWSE,Amma,16.2,17.8,0.65,0.6,5/29/2024
MANFV,MANFV27,NWSE,rock,9.1,10.0,,,7/8/2024
MANFV,MANFV27,NWSE,rock,10.0,10.4,,,7/8/2024
MANFV,MANFV27,NWSE,litter,10.4,10.8,,,7/8/2024
MANFV,MANFV11,NWSE,Amma,18.4,19.0,0.85,0.8,5/29/2024
MANFV,MANFV25,NESW,Ancy,1.0,1.3,0.2,0.4,7/4/2024
MANFV,MANFV25,NESW,Ancy,7.9,9.0,0.2,0.45,7/4/2024
MANFV,MANFV25,NWSE,Ancy,6.7,7.0,0.2,0.3,7/4/2024
MANFV,MANFV13,NESW,Ancy,0.1,0.5,9.5,1,6/11/2024
MANFV,MANFV13,NESW,Ancy,2.4,2.9,1.1,0.8,6/11/2024
MANFV,MANFV27,NWSE,rock,14.6,14.8,,,7/8/2024
MANFV,MANFV27,NWSE,soil,14.8,15.0,,,7/8/2024
MANFV,MANFV13,NWSE,Ancy,1.6,2.2,0.5,0.9,6/11/2024
MANFV,MANFV13,NWSE,Ancy,3.6,4.6,1.2,0.9,6/11/2024
MANFV,MANFV13,NWSE,Ancy,5.6,6.2,0.5,0.7,6/11/2024
MANFV,MANFV13,NWSE,Ancy,8.2,8.7,0.7,0.9,6/11/2024
MANFV,MANFV13,NWSE,Ancy,14.8,16.5,0.75,1,6/11/2024
MANFV,MANFV12,NESW,Ancy,14.2,15.4,0.4,1.2,6/10/2024
MANFV,MANFV27,NWSE,rock,17.7,18.2,,,7/8/2024
MANFV,MANFV12,NESW,Ancy,16.6,17.7,1.4,1,6/10/2024
MANFV,MANFV12,NWSE,Ancy,6.3,6.6,1.5,1,6/10/2024
MANFV,MANFV12,NWSE,Ancy,10.4,11.1,0.8,0.75,6/10/2024
MANFV,MANFV11,NESW,Ancy,3.4,3.6,0.35,0.7,5/29/2024
MANFV,MANFV26,NESW,rock,1.1,2.1,,,7/5/2024
MANFV,MANFV11,NWSE,Ancy,15.2,16.2,0.65,0.8,5/29/2024
MANFV,MANFV26,NESW,soil,4.4,5.9,,,7/5/2024
MANFV,MANFV26,NESW,rock,5.9,6.3,,,7/5/2024
MANFV,MANFV26,NESW,soil,6.3,7.2,,,7/5/2024
MANFV,MANFV11,NWSE,Ancy,16.6,16.9,0.2,0.4,5/29/2024
MANFV,MANFV26,NESW,rock,8.1,8.4,,,7/5/2024
MANFV,MANFV26,NESW,soil,8.4,8.8,,,7/5/2024
MANFV,MANFV26,NESW,rock,8.8,9.4,,,7/5/2024
MANFV,MANFV26,NESW,soil,9.4,9.8,,,7/5/2024
MANFV,MANFV04,NESW,Ancy,12.7,12.8,0.2,0.4,4/16/2024
MANFV,MANFV26,NESW,soil,10.0,11.1,,,7/5/2024
MANFV,MANFV04,NESW,Ancy,19.2,19.6,0.2,0.2,4/16/2024
MANFV,MANFV04,NESW,Asac,12.0,12.1,0.4,0.4,4/16/2024
MANFV,MANFV26,NESW,rock,17.2,18.0,,,7/5/2024
MANFV,MANFV04,NWSE,Asac,17.7,17.7,0.32,0.15,4/17/2024
MANFV,MANFV26,NESW,rock,18.8,19.2,,,7/5/2024
MANFV,MANFV19,NESW,Asal,7.7,8.5,0.5,0.3,6/20/2024
MANFV,MANFV26,NESW,rock,19.8,20.0,,,7/5/2024
MANFV,MANFV26,NWSE,rock,0.0,2.0,,,7/5/2024
MANFV,MANFV26,NWSE,soil,2.0,2.5,,,7/5/2024
MANFV,MANFV18,NWSE,Asal,6.8,7.3,0.4,0.6,6/19/2024
MANFV,MANFV26,NWSE,soil,2.8,5.7,,,7/5/2024
MANFV,MANFV26,NWSE,rock,5.7,7.4,,,7/5/2024
MANFV,MANFV26,NWSE,soil,7.4,8.9,,,7/5/2024
MANFV,MANFV18,NWSE,Asal,10.2,10.5,0.3,0.2,6/19/2024
MANFV,MANFV26,NWSE,soil,9.1,9.6,,,7/5/2024
MANFV,MANFV17,NESW,Asal,5.9,6.5,0.6,0.35,6/19/2024
MANFV,MANFV26,NWSE,soil,9.7,10.0,,,7/5/2024
MANFV,MANFV13,NESW,Asal,4.0,4.6,0.6,0.5,6/11/2024
MANFV,MANFV13,NESW,Asal,14.9,15.3,0.8,0.6,6/11/2024
MANFV,MANFV26,NWSE,Asra,10.0,10.4,0.4,0.1,7/5/2024
MANFV,MANFV13,NESW,Asra,0.5,1.0,9,0.2,6/11/2024
MANFV,MANFV13,NESW,Asra,3.3,3.6,0.6,0.2,6/11/2024
MANFV,MANFV26,NWSE,rock,14.5,15.7,,,7/5/2024
MANFV,MANFV13,NESW,Asra,5.0,5.4,0.4,0.4,6/11/2024
MANFV,MANFV26,NWSE,soil,16.7,20.0,,,7/5/2024
MANFV,MANFV27,NESW,Brre,0.2,1.1,2,0.15,7/8/2024
MANFV,MANFV25,NESW,soil,0.1,1.1,,,7/4/2024
MANFV,MANFV27,NESW,Brre,4.6,5.8,1,0.4,7/8/2024
MANFV,MANFV27,NESW,Brre,7.6,8.7,1.6,0.4,7/8/2024
MANFV,MANFV27,NESW,Brre,12.8,13.7,0.5,0.15,7/8/2024
MANFV,MANFV27,NESW,Brre,15.2,16.1,1,0.15,7/8/2024
MANFV,MANFV25,NESW,soil,2.2,2.9,,,7/4/2024
MANFV,MANFV27,NWSE,Brre,0.4,0.8,2,1.5,7/8/2024
MANFV,MANFV25,NESW,soil,3.2,3.7,,,7/4/2024
MANFV,MANFV27,NWSE,Brre,4.0,5.6,0.5,0.15,7/8/2024
MANFV,MANFV27,NWSE,Brre,11.0,11.9,0.5,0.4,7/8/2024
MANFV,MANFV27,NWSE,Brre,15.5,17.5,2,0.15,7/8/2024
MANFV,MANFV27,NWSE,Brre,19.0,20.0,1.5,1,7/8/2024
MANFV,MANFV25,NESW,soil,4.6,4.8,,,7/4/2024
MANFV,MANFV26,NESW,Brre,0.0,1.1,3,0.2,7/5/2024
MANFV,MANFV26,NESW,Brre,2.1,4.4,3,0.15,7/5/2024
MANFV,MANFV26,NESW,Brre,7.2,8.1,1,0.1,7/5/2024
MANFV,MANFV26,NESW,Brre,9.8,10.0,0.35,0.1,7/5/2024
MANFV,MANFV26,NESW,Brre,11.1,17.2,1.5,0.15,7/5/2024
MANFV,MANFV26,NESW,Brre,18.0,18.8,1,0.15,7/5/2024
MANFV,MANFV26,NESW,Brre,19.2,19.8,0.5,0.2,7/5/2024
MANFV,MANFV25,NESW,rock,9.8,10.6,,,7/4/2024
MANFV,MANFV26,NWSE,Brre,2.5,2.8,0.15,0.1,7/5/2024
MANFV,MANFV26,NWSE,Brre,8.9,9.1,0.23,0.1,7/5/2024
MANFV,MANFV26,NWSE,Brre,9.6,9.7,0.1,0.02,7/5/2024
MANFV,MANFV25,NESW,soil,11.6,12.5,,,7/4/2024
MANFV,MANFV26,NWSE,Brre,10.3,11.2,0.4,0.1,7/5/2024
MANFV,MANFV26,NWSE,Brre,11.9,13.2,1,1,7/5/2024
MANFV,MANFV26,NWSE,Brre,13.7,14.5,4,0.1,7/5/2024
MANFV,MANFV25,NESW,rock,14.2,15.7,,,7/4/2024
MANFV,MANFV26,NWSE,Brre,15.7,16.7,0.75,0.1,7/5/2024
MANFV,MANFV25,NESW,Brre,3.7,4.3,1.2,0.15,7/4/2024
MANFV,MANFV25,NESW,rock,16.0,18.0,,,7/4/2024
MANFV,MANFV25,NESW,rock,18.0,20.0,,,7/4/2024
MANFV,MANFV25,NESW,Brre,4.7,10.0,1.7,0.25,7/4/2024
MANFV,MANFV25,NESW,Brre,10.9,12.0,0.4,0.15,7/4/2024
MANFV,MANFV25,NESW,Brre,12.5,14.9,3.5,0.25,7/4/2024
MANFV,MANFV25,NWSE,rock,2.5,7.7,,,7/4/2024
MANFV,MANFV25,NESW,Brre,15.7,16.0,0.6,0.25,7/4/2024
MANFV,MANFV25,NWSE,Brre,6.8,7.9,1.1,0.15,7/4/2024
MANFV,MANFV25,NWSE,Brre,9.1,9.6,0.5,0.15,7/4/2024
MANFV,MANFV25,NWSE,Brre,10.8,13.0,1.5,0.15,7/4/2024
MANFV,MANFV25,NWSE,rock,7.9,9.1,,,7/4/2024
MANFV,MANFV24,NESW,Brre,1.1,2.6,1.3,0.15,7/2/2024
MANFV,MANFV24,NESW,Brre,7.9,8.8,0.2,0.1,7/2/2024
MANFV,MANFV25,NWSE,rock,9.6,10.0,,,7/4/2024
MANFV,MANFV24,NESW,Brre,9.3,10.0,0.2,0.1,7/2/2024
MANFV,MANFV24,NWSE,Brre,3.4,4.1,0.5,0.2,7/2/2024
MANFV,MANFV24,NWSE,Brre,9.8,9.9,0.1,0.08,7/2/2024
MANFV,MANFV24,NWSE,Brre,10.0,10.7,0.2,0.15,7/2/2024
MANFV,MANFV24,NWSE,Brre,11.3,12.5,0.2,0.15,7/2/2024
MANFV,MANFV19,NESW,Brre,18.2,18.6,0.7,0.1,6/20/2024
MANFV,MANFV25,NWSE,rock,13.0,13.2,,,7/4/2024
MANFV,MANFV25,NWSE,soil,13.2,13.6,,,7/4/2024
MANFV,MANFV19,NESW,Brre,19.6,20.0,0.8,0.15,6/20/2024
MANFV,MANFV19,NWSE,Brre,17.3,17.8,0.7,0.1,6/20/2024
MANFV,MANFV18,NESW,Brre,2.4,3.5,0.3,0.2,6/19/2024
MANFV,MANFV18,NESW,Brre,6.9,7.2,0.12,0.04,6/19/2024
MANFV,MANFV25,NWSE,rock,19.4,20.0,,,7/4/2024
MANFV,MANFV24,NESW,rock,0.0,0.9,,,7/2/2024
MANFV,MANFV18,NESW,Brre,12.2,13.2,0.6,0.1,6/19/2024
MANFV,MANFV17,NWSE,Brre,6.7,7.0,0.1,0.05,6/19/2024
MANFV,MANFV17,NWSE,Brre,18.1,18.6,0.22,0.08,6/19/2024
MANFV,MANFV24,NESW,soil,2.6,3.7,,,7/2/2024
MANFV,MANFV24,NESW,rock,3.7,6.7,,,7/2/2024
MANFV,MANFV24,NESW,soil,6.7,7.3,,,7/2/2024
MANFV,MANFV24,NESW,rock,7.3,7.4,,,7/2/2024
MANFV,MANFV24,NESW,soil,7.4,7.9,,,7/2/2024
MANFV,MANFV14,NESW,Brre,1.4,1.5,0.2,0.1,6/12/2024
MANFV,MANFV24,NESW,litter,8.8,9.2,,,7/2/2024
MANFV,MANFV14,NESW,Brre,3.7,4.2,0.15,0.07,6/12/2024
MANFV,MANFV14,NESW,Brre,8.0,8.2,0.5,0.1,6/12/2024
MANFV,MANFV24,NESW,soil,10.0,10.4,,,7/2/2024
MANFV,MANFV24,NESW,rock,10.4,10.6,,,7/2/2024
MANFV,MANFV24,NESW,soil,10.6,11.0,,,7/2/2024
MANFV,MANFV24,NESW,rock,11.0,11.3,,,7/2/2024
MANFV,MANFV24,NESW,soil,11.3,11.9,,,7/2/2024
MANFV,MANFV24,NESW,rock,11.9,15.3,,,7/2/2024
MANFV,MANFV24,NESW,rock,15.3,17.5,,,7/2/2024
MANFV,MANFV24,NESW,soil,17.5,18.1,,,7/2/2024
MANFV,MANFV14,NWSE,Brre,3.9,4.7,2,0.6,6/12/2024
MANFV,MANFV24,NESW,soil,18.5,19.5,,,7/2/2024
MANFV,MANFV13,NESW,Brre,0.0,0.1,9.9,0.1,6/11/2024
MANFV,MANFV24,NESW,soil,19.9,20.0,,,7/2/2024
MANFV,MANFV13,NESW,Brre,1.0,1.7,8.3,0.15,6/11/2024
MANFV,MANFV24,NWSE,rock,0.5,1.4,,,7/2/2024
MANFV,MANFV13,NESW,Brre,1.9,2.4,7.6,0.3,6/11/2024
MANFV,MANFV24,NWSE,soil,2.1,3.6,,,7/2/2024
MANFV,MANFV13,NESW,Brre,2.7,3.2,0.6,0.2,6/11/2024
MANFV,MANFV13,NESW,Brre,4.0,5.0,1.4,0.1,6/11/2024
MANFV,MANFV24,NWSE,soil,4.1,5.1,,,7/2/2024
MANFV,MANFV24,NWSE,rock,5.1,9.8,,,7/2/2024
MANFV,MANFV13,NESW,Brre,5.4,5.9,0.4,0.1,6/11/2024
MANFV,MANFV24,NWSE,soil,9.9,10.0,,,7/2/2024
MANFV,MANFV13,NESW,Brre,6.5,6.9,0.3,0.1,6/11/2024
MANFV,MANFV13,NESW,Brre,7.3,11.8,2.5,0.2,6/11/2024
MANFV,MANFV13,NESW,Brre,13.0,15.4,0.6,0.2,6/11/2024
MANFV,MANFV24,NWSE,rock,12.4,15.3,,,7/2/2024
MANFV,MANFV24,NWSE,soil,15.3,15.6,,,7/2/2024
MANFV,MANFV13,NESW,Brre,15.9,16.6,0.34,0.3,6/11/2024
MANFV,MANFV24,NWSE,soil,16.2,16.3,,,7/2/2024
MANFV,MANFV24,NWSE,rock,16.3,17.7,,,7/2/2024
MANFV,MANFV13,NESW,Brre,17.5,20.0,1.5,0.2,6/11/2024
MANFV,MANFV24,NWSE,rock,19.3,19.9,,,7/2/2024
MANFV,MANFV24,NWSE,soil,19.9,20.0,,,7/2/2024
MANFV,MANFV23,NESW,soil,0.0,0.3,,,7/3/2024
MANFV,MANFV23,NESW,litter,0.3,4.6,,,7/3/2024
MANFV,MANFV20,NESW,Brre,4,4.9,1.5,0.3,6/26/2024
MANFV,MANFV23,NESW,litter,4.9,6.3,,,7/3/2024
MANFV,MANFV20,NESW,Brre,5.7,7.8,3,0.3,6/26/2024
MANFV,MANFV23,NESW,litter,6.4,6.7,,,7/3/2024
MANFV,MANFV23,NESW,Juox,6.7,7.4,1,1.5,7/3/2024
MANFV,MANFV20,NESW,Brre,9.1,10,2.5,0.2,6/26/2024
MANFV,MANFV23,NESW,litter,7.7,12.4,,,7/3/2024
MANFV,MANFV23,NESW,rock,12.4,13.3,,,7/3/2024
MANFV,MANFV23,NESW,litter,13.2,16.0,,,7/3/2024
MANFV,MANFV23,NESW,rock,16.0,17.0,,,7/3/2024
MANFV,MANFV20,NESW,Brre,10.6,11.6,2.5,0.3,6/26/2024
MANFV,MANFV23,NESW,soil,17.0,18.8,,,7/3/2024
MANFV,MANFV20,NESW,Brre,13.5,14.2,2.7,0.25,6/26/2024
MANFV,MANFV23,NWSE,rock,0.0,0.4,,,7/3/2024
MANFV,MANFV23,NWSE,litter,0.4,3.6,,,7/3/2024
MANFV,MANFV23,NWSE,soil,3.6,4.8,,,7/3/2024
MANFV,MANFV23,NWSE,litter,4.8,10.0,,,7/3/2024
MANFV,MANFV23,NWSE,litter,10.0,20.0,,,7/3/2024
MANFV,MANFV22,NESW,rock,0.0,3.8,,,6/28/2024
MANFV,MANFV22,NESW,Pile,0.6,1.1,2,0.4,6/28/2024
MANFV,MANFV22,NESW,Chhu,3.7,5.8,1.6,1,6/28/2024
MANFV,MANFV22,NESW,litter,5.8,6.2,,,6/28/2024
MANFV,MANFV22,NESW,woody debris,6.2,7.3,,,6/28/2024
MANFV,MANFV22,NESW,rock,7.3,7.5,,,6/28/2024
MANFV,MANFV22,NESW,Brre,7.5,8.0,0.4,0.1,6/28/2024
MANFV,MANFV22,NESW,rock,8.0,8.2,,,6/28/2024
MANFV,MANFV22,NESW,Brre,8.2,8.7,0.2,0.08,6/28/2024
MANFV,MANFV22,NESW,woody debris,8.7,10.0,,,6/28/2024
MANFV,MANFV22,NESW,soil,10.0,10.4,,,6/28/2024
MANFV,MANFV22,NESW,Brre,10.4,11.2,0.4,0.1,6/28/2024
MANFV,MANFV22,NESW,Chhu,10.9,11.2,0.3,0.25,6/28/2024
MANFV,MANFV22,NESW,litter,11.2,11.7,,,6/28/2024
MANFV,MANFV22,NESW,rock,11.7,11.8,,,6/28/2024
MANFV,MANFV22,NESW,litter,11.8,12.0,,,6/28/2024
MANFV,MANFV22,NESW,rock,12.0,12.7,,,6/28/2024
MANFV,MANFV22,NESW,Brre,12.7,13.6,0.9,0.1,6/28/2024
MANFV,MANFV22,NESW,Cial,12.8,12.8,0.1,0.15,6/28/2024
MANFV,MANFV22,NESW,rock,13.6,14.6,,,6/28/2024
MANFV,MANFV22,NESW,Brre,14.6,16.4,0.8,0.15,6/28/2024
MANFV,MANFV22,NESW,rock,16.4,17.0,,,6/28/2024
MANFV,MANFV22,NESW,Brre,17.0,20.0,0.8,0.5,6/28/2024
MANFV,MANFV22,NWSE,Pile,0.0,1.3,1.4,0.4,6/28/2024
MANFV,MANFV22,NWSE,Amma,0.2,0.9,0.5,0.7,6/28/2024
MANFV,MANFV22,NWSE,rock,1.1,4.0,,,6/28/2024
MANFV,MANFV22,NWSE,Brre,4.0,7.2,1.4,0.1,6/28/2024
MANFV,MANFV22,NWSE,Chhu,5.6,6.9,1.4,0,6/28/2024
MANFV,MANFV22,NWSE,soil,7.2,8.1,,,6/28/2024
MANFV,MANFV22,NWSE,Brre,8.1,9.6,0.5,0.08,6/28/2024
MANFV,MANFV22,NWSE,soil,9.6,10.0,,,6/28/2024
MANFV,MANFV22,NWSE,soil,10.0,10.3,,,6/28/2024
MANFV,MANFV22,NWSE,Chhu,10.3,11.0,0.8,0.5,6/28/2024
MANFV,MANFV22,NWSE,Brre,10.3,11.0,0.8,0.1,6/28/2024
MANFV,MANFV22,NWSE,rock,10.9,12.3,,,6/28/2024
MANFV,MANFV22,NWSE,Brre,12.3,13.0,0.6,0.1,6/28/2024
MANFV,MANFV22,NWSE,litter,13.0,14.0,,,6/28/2024
MANFV,MANFV22,NWSE,Brre,14.0,15.9,1,0.1,6/28/2024
MANFV,MANFV22,NWSE,Pile,14.4,17.1,2,2,6/28/2024
MANFV,MANFV22,NWSE,rock,15.8,16.8,,,6/28/2024
MANFV,MANFV22,NWSE,soil,17.1,17.4,,,6/28/2024
MANFV,MANFV22,NWSE,Brre,17.4,20.0,2,0.15,6/28/2024
MANFV,MANFV22,NWSE,Chhu,17.7,18.8,1,0.4,6/28/2024
MANFV,MANFV22,NWSE,Pile,18.7,20.0,1.8,0.5,6/28/2024
MANFV,MANFV21,NESW,rock,0.0,0.4,,,6/27/2024
MANFV,MANFV21,NESW,Brre,0.4,2.0,1.5,0.12,6/27/2024
MANFV,MANFV21,NESW,Amma,0.4,0.9,0.6,0.5,6/27/2024
MANFV,MANFV21,NESW,Pile,1.0,1.9,1.4,0.5,6/27/2024
MANFV,MANFV21,NESW,rock,1.9,2.8,,,6/27/2024
MANFV,MANFV21,NESW,Amma,2.3,2.5,0.3,0.3,6/27/2024
MANFV,MANFV21,NESW,Brre,2.4,4.3,1,0.12,6/27/2024
MANFV,MANFV21,NESW,litter,4.3,5.2,,,6/27/2024
MANFV,MANFV21,NESW,Brre,5.2,6.1,0.7,0.1,6/27/2024
MANFV,MANFV21,NESW,Pile,5.9,6.6,1.1,0.7,6/27/2024
MANFV,MANFV21,NESW,Amma,6.5,7.2,0.95,0.65,6/27/2024
MANFV,MANFV21,NESW,litter,7.2,8.1,,,6/27/2024
MANFV,MANFV21,NESW,Amma,8.1,9.2,0.8,0.7,6/27/2024
MANFV,MANFV21,NESW,Pile,8.7,9.0,0.9,0.9,6/27/2024
MANFV,MANFV21,NESW,rock,9.2,9.3,,,6/27/2024
MANFV,MANFV21,NESW,Brre,9.3,10.0,0.22,0.1,6/27/2024
MANFV,MANFV21,NESW,litter,10.0,10.4,,,6/27/2024
MANFV,MANFV21,NESW,rock,10.4,10.6,,,6/27/2024
MANFV,MANFV21,NESW,Brre,10.6,11.0,0.6,0.15,6/27/2024
MANFV,MANFV21,NESW,rock,11.0,11.4,,,6/27/2024
MANFV,MANFV21,NESW,Brre,11.4,13.2,1,1.5,6/27/2024
MANFV,MANFV21,NESW,rock,13.2,13.7,,,6/27/2024
MANFV,MANFV21,NESW,Brre,13.7,16.0,0.8,0.15,6/27/2024
MANFV,MANFV21,NESW,Pile,14.8,16.2,1.9,0.8,6/27/2024
MANFV,MANFV21,NESW,Brre,16.2,17.2,0.6,0.15,6/27/2024
MANFV,MANFV21,NESW,Chhu,17.1,20.0,1.4,0.1,6/27/2024
MANFV,MANFV21,NESW,Pile,18.1,18.4,1.5,1.5,6/27/2024
MANFV,MANFV21,NWSE,rock,0.0,4.3,,,6/27/2024
MANFV,MANFV21,NWSE,Amma,4.3,4.8,1.3,0.75,6/27/2024
MANFV,MANFV21,NWSE,Chhu,4.7,5.9,0.8,0.6,6/27/2024
MANFV,MANFV21,NWSE,rock,5.8,6.3,,,6/27/2024
MANFV,MANFV21,NWSE,Brre,6.3,6.6,0.5,0.2,6/27/2024
MANFV,MANFV21,NWSE,rock,6.6,7.7,,,6/27/2024
MANFV,MANFV21,NWSE,Brre,7.7,7.9,0.7,0.15,6/27/2024
MANFV,MANFV21,NWSE,rock,7.9,8.1,,,6/27/2024
MANFV,MANFV21,NWSE,Brre,8.1,9.4,0.8,0.2,6/27/2024
MANFV,MANFV21,NWSE,Brre,9.4,10.0,0.2,0.15,6/27/2024
MANFV,MANFV21,NWSE,Brre,10.0,10.6,0.2,1,6/27/2024
MANFV,MANFV21,NWSE,Amma,10.7,10.8,0.2,0.25,6/27/2024
MANFV,MANFV21,NWSE,litter,10.8,11.5,,,6/27/2024
MANFV,MANFV21,NWSE,Brre,11.5,12.1,0.7,0.1,6/27/2024
MANFV,MANFV21,NWSE,rock,12.1,15.3,,,6/27/2024
MANFV,MANFV21,NWSE,Amma,14.4,14.9,0.7,0.4,6/27/2024
MANFV,MANFV21,NWSE,litter,14.9,15.9,,,6/27/2024
MANFV,MANFV21,NWSE,Amma,15.9,16.2,0.5,0.5,6/27/2024
MANFV,MANFV21,NWSE,Chhu,16.0,17.1,1,0.6,6/27/2024
MANFV,MANFV21,NWSE,rock,16.8,17.2,,,6/27/2024
MANFV,MANFV21,NWSE,litter,17.2,17.9,,,6/27/2024
MANFV,MANFV21,NWSE,rock,17.9,18.2,,,6/27/2024
MANFV,MANFV21,NWSE,Brre,18.2,18.5,0.3,0.1,6/27/2024
MANFV,MANFV21,NWSE,rock,18.5,20.0,,,6/27/2024
MANFV,MANFV20,NESW,rock,0,1.3,,,6/26/2024
MANFV,MANFV20,NESW,litter,1.3,4,,,6/26/2024
MANFV,MANFV20,NESW,Brre,14.6,16.3,1,0.25,6/26/2024
MANFV,MANFV20,NESW,litter,4.9,5.7,,,6/26/2024
MANFV,MANFV20,NESW,Brre,17.1,19.9,1.3,0.35,6/26/2024
MANFV,MANFV20,NESW,rock,5.7,6.2,,,6/26/2024
MANFV,MANFV20,NESW,litter,7.8,9.1,,,6/26/2024
MANFV,MANFV20,NESW,Brre,17.8,19.6,1.2,0.3,6/26/2024
MANFV,MANFV20,NESW,litter,10,10.6,,,6/26/2024
MANFV,MANFV20,NWSE,Brre,0.4,2.2,1.2,0.3,6/26/2024
MANFV,MANFV20,NWSE,Brre,5.1,5.7,0.9,0.15,6/26/2024
MANFV,MANFV20,NESW,litter,11.65,13.5,,,6/26/2024
MANFV,MANFV20,NWSE,Brre,6.5,10,1.2,0.25,6/26/2024
MANFV,MANFV20,NWSE,Brre,10.9,14.7,2,0.15,6/26/2024
MANFV,MANFV20,NESW,rock,14.4,14.6,,,6/26/2024
MANFV,MANFV15,NESW,Brre,2.1,2.9,0.55,0.2,6/13/2024
MANFV,MANFV15,NESW,Brre,10.0,10.3,0.3,0.1,6/13/2024
MANFV,MANFV15,NESW,Brre,16.9,18.2,1.4,0.25,6/13/2024
MANFV,MANFV20,NESW,litter,16.3,17.1,,,6/26/2024
MANFV,MANFV15,NESW,Brre,19.0,19.6,0.95,0.22,6/13/2024
MANFV,MANFV15,NWSE,Brre,14.3,15.0,2,0.25,6/13/2024
MANFV,MANFV15,NWSE,Brre,17.8,18.4,0.5,0.2,6/13/2024
MANFV,MANFV09,NESW,Brre,19.5,20.0,0.6,0.15,5/21/2024
MANFV,MANFV05,NWSE,Brre,3.8,5.6,0.65,0.22,5/6/2024
MANFV,MANFV05,NWSE,Brre,10.2,10.3,0.8,0.12,5/6/2024
MANFV,MANFV05,NWSE,Brre,10.8,12.0,0.5,0.3,5/6/2024
MANFV,MANFV20,NWSE,soil,0,0.4,,,6/26/2024
MANFV,MANFV05,NWSE,Brre,19.8,20.0,1.15,0.25,5/6/2024
MANFV,MANFV02,NESW,Brre,5.7,6.1,0.04,0.12,4/12/2024
MANFV,MANFV02,NESW,Brre,7.7,8.0,0.82,0.24,4/12/2024
MANFV,MANFV20,NWSE,litter,2.35,2.65,,,6/26/2024
MANFV,MANFV02,NESW,Brre,9.3,10.0,0.2,0.12,4/12/2024
MANFV,MANFV20,NWSE,litter,2.8,3.2,,,6/26/2024
MANFV,MANFV02,NESW,Brre,11.4,12.9,0.6,0.19,4/12/2024
MANFV,MANFV20,NWSE,litter,3.4,5.1,,,6/26/2024
MANFV,MANFV02,NESW,Brre,16.8,17.1,1.08,0.28,4/12/2024
MANFV,MANFV20,NWSE,litter,5.7,6.5,,,6/26/2024
MANFV,MANFV02,NWSE,Brre,0.0,5.3,1,0.4,4/12/2024
MANFV,MANFV20,NWSE,litter,10,10.9,,,6/26/2024
MANFV,MANFV02,NWSE,Brre,4.9,5.4,0.4,0.1,4/12/2024
MANFV,MANFV02,NWSE,Brre,17.3,18.3,0.25,0.2,4/12/2024
MANFV,MANFV02,NWSE,Brre,18.6,18.9,0.36,0.24,4/12/2024
MANFV,MANFV20,NWSE,soil,14.7,15.5,,,6/26/2024
MANFV,MANFV20,NWSE,litter,15.5,16.6,,,6/26/2024
MANFV,MANFV01,NESW,Brre,0.6,0.8,0.29,0.34,4/11/2024
MANFV,MANFV20,NWSE,litter,18.05,19.7,,,6/26/2024
MANFV,MANFV01,NESW,Brre,1.0,1.3,0.42,0.35,4/11/2024
MANFV,MANFV19,NESW,soil,0.0,0.7,,,6/20/2024
MANFV,MANFV13,NWSE,Brre,0.0,11.4,2,0.15,6/11/2024
MANFV,MANFV19,NESW,soil,2.9,5.2,,,6/20/2024
MANFV,MANFV13,NWSE,Brre,11.7,12.0,0.7,0.1,6/11/2024
MANFV,MANFV19,NESW,soil,5.7,7.6,,,6/20/2024
MANFV,MANFV13,NWSE,Brre,12.4,16.8,0.7,0.25,6/11/2024
MANFV,MANFV13,NWSE,Brre,17.0,17.5,1.3,0.1,6/11/2024
MANFV,MANFV19,NESW,soil,8.5,10.2,,,6/20/2024
MANFV,MANFV13,NWSE,Brre,17.9,18.7,1.3,0.1,6/11/2024
MANFV,MANFV19,NESW,litter,10.6,11.3,,,6/20/2024
MANFV,MANFV12,NESW,Brre,1.2,5.6,0.5,0.1,6/10/2024
MANFV,MANFV19,NESW,soil,11.6,12.5,,,6/20/2024
MANFV,MANFV12,NESW,Brre,6.7,9.2,1.2,0.1,6/10/2024
MANFV,MANFV19,NESW,soil,13.1,13.3,,,6/20/2024
MANFV,MANFV12,NESW,Brre,9.9,11.0,0.7,0.2,6/10/2024
MANFV,MANFV19,NESW,soil,14.9,16.6,,,6/20/2024
MANFV,MANFV12,NESW,Brre,11.4,12.1,0.75,0.2,6/10/2024
MANFV,MANFV19,NESW,soil,16.8,17.2,,,6/20/2024
MANFV,MANFV12,NESW,Brre,12.8,14.7,2,0.2,6/10/2024
MANFV,MANFV19,NESW,soil,17.7,18.2,,,6/20/2024
MANFV,MANFV12,NESW,Brre,15.3,15.6,0.5,0.1,6/10/2024
MANFV,MANFV12,NESW,Brre,16.6,17.9,1,0.1,6/10/2024
MANFV,MANFV19,NESW,soil,18.6,19.6,,,6/20/2024
MANFV,MANFV12,NESW,Brre,18.7,19.3,0.2,0.1,6/10/2024
MANFV,MANFV12,NWSE,Brre,0.0,2.6,2,0.2,6/10/2024
MANFV,MANFV19,NWSE,soil,1.5,2.6,,,6/20/2024
MANFV,MANFV12,NWSE,Brre,2.9,3.9,1.1,0.2,6/10/2024
MANFV,MANFV19,NWSE,soil,2.9,3.2,,,6/20/2024
MANFV,MANFV12,NWSE,Brre,7.4,9.2,2,0.2,6/10/2024
MANFV,MANFV19,NWSE,soil,4.2,4.5,,,6/20/2024
MANFV,MANFV12,NWSE,Brre,9.6,10.2,0.6,0.1,6/10/2024
MANFV,MANFV19,NWSE,soil,5.8,6.5,,,6/20/2024
MANFV,MANFV12,NWSE,Brre,10.6,11.7,0.6,0.1,6/10/2024
MANFV,MANFV19,NWSE,soil,6.8,7.3,,,6/20/2024
MANFV,MANFV12,NWSE,Brre,15.9,20.0,2,0.1,6/10/2024
MANFV,MANFV11,NESW,Brre,3.2,3.8,0.8,0.15,5/29/2024
MANFV,MANFV19,NWSE,soil,8.4,10.8,,,6/20/2024
MANFV,MANFV11,NESW,Brre,4.6,6.2,0.1,0.22,5/29/2024
MANFV,MANFV19,NWSE,litter,11.7,12.0,,,6/20/2024
MANFV,MANFV11,NESW,Brre,8.5,8.7,1.05,0.2,5/29/2024
MANFV,MANFV19,NWSE,rock,12.1,13.5,,,6/20/2024
MANFV,MANFV11,NWSE,Brre,11.2,12.0,0.5,0.15,5/29/2024
MANFV,MANFV11,NWSE,Brre,13.1,13.2,0.6,0.12,5/29/2024
MANFV,MANFV19,NWSE,soil,15.2,16.1,,,6/20/2024
MANFV,MANFV04,NESW,Brre,2.5,2.7,0.27,0.1,4/17/2024
MANFV,MANFV04,NESW,Brre,5.5,5.6,0.1,0.1,4/17/2024
MANFV,MANFV19,NWSE,litter,16.8,17.2,,,6/20/2024
MANFV,MANFV04,NESW,Brre,11.3,12.0,0.1,0.1,4/16/2024
MANFV,MANFV04,NESW,Brre,13.1,13.2,0.08,0.06,4/16/2024
MANFV,MANFV19,NWSE,rock,18.0,18.3,,,6/20/2024
MANFV,MANFV19,NWSE,soil,18.3,18.6,,,6/20/2024
MANFV,MANFV19,NWSE,rock,18.6,19.0,,,6/20/2024
MANFV,MANFV04,NESW,Brre,14.4,17.2,2,0.08,4/16/2024
MANFV,MANFV18,NESW,rock,0.0,2.9,,,6/19/2024
MANFV,MANFV04,NWSE,Brre,10.4,10.6,0.9,0.1,4/17/2024
MANFV,MANFV04,NWSE,Brre,17.2,17.5,0.1,0.1,4/17/2024
MANFV,MANFV18,NESW,rock,3.6,5.1,,,6/19/2024
MANFV,MANFV18,NESW,soil,5.1,6.4,,,6/19/2024
MANFV,MANFV18,NESW,rock,6.4,6.8,,,6/19/2024
MANFV,MANFV18,NESW,soil,6.8,7.7,,,6/19/2024
MANFV,MANFV11,NESW,Brre ,17.7,19.0,2,0.2,5/29/2024
MANFV,MANFV18,NESW,rock,7.7,9.1,,,6/19/2024
MANFV,MANFV27,NESW,Casp,0.1,0.9,1.2,0.8,7/8/2024
MANFV,MANFV18,NESW,rock,9.5,12.2,,,6/19/2024
MANFV,MANFV27,NESW,Casp,4.4,6.1,1,0.75,7/8/2024
MANFV,MANFV27,NESW,Casp,8.7,8.9,0.4,0.45,7/8/2024
MANFV,MANFV18,NESW,rock,13.2,18.0,,,6/19/2024
MANFV,MANFV27,NESW,Casp,14.8,15.2,0.4,0.6,7/8/2024
MANFV,MANFV27,NESW,Casp,16.3,17.3,0.5,0.4,7/8/2024
MANFV,MANFV18,NESW,rock,18.3,20.0,,,6/19/2024
MANFV,MANFV18,NWSE,rock,0.0,5.7,,,6/19/2024
MANFV,MANFV27,NESW,Casp,19.4,20.0,1.2,0.7,7/8/2024
MANFV,MANFV27,NWSE,Casp,6.3,6.8,1.65,1.5,7/8/2024
MANFV,MANFV27,NWSE,Casp,10.8,13.2,0.95,0.8,7/8/2024
MANFV,MANFV18,NWSE,soil,5.7,5.9,,,6/19/2024
MANFV,MANFV18,NWSE,rock,5.9,6.4,,,6/19/2024
MANFV,MANFV18,NWSE,soil,6.4,6.7,,,6/19/2024
MANFV,MANFV27,NWSE,Casp,15.0,16.0,1.3,0.4,7/8/2024
MANFV,MANFV27,NWSE,Casp,16.4,17.0,0.3,0.3,7/8/2024
MANFV,MANFV18,NWSE,soil,7.3,8.1,,,6/19/2024
MANFV,MANFV18,NWSE,rock,8.1,10.0,,,6/19/2024
MANFV,MANFV25,NESW,Casp,2.9,3.2,0.25,0.2,7/4/2024
MANFV,MANFV25,NESW,Casp,4.5,4.6,0.4,0.4,7/4/2024
MANFV,MANFV18,NWSE,soil,10.0,10.2,,,6/19/2024
MANFV,MANFV25,NESW,Casp,9.4,9.8,1,0.6,7/4/2024
MANFV,MANFV25,NESW,Casp,10.6,10.8,0.8,0.6,7/4/2024
MANFV,MANFV18,NWSE,rock,10.8,11.6,,,6/19/2024
MANFV,MANFV25,NWSE,Casp,7.0,7.6,0.65,0.6,7/4/2024
MANFV,MANFV18,NWSE,rock,12.6,20.0,,,6/19/2024
MANFV,MANFV25,NWSE,Casp,9.1,9.5,0.5,0.6,7/4/2024
MANFV,MANFV25,NWSE,Casp,10.0,10.8,1,0.6,7/4/2024
MANFV,MANFV25,NWSE,Casp,12.4,12.5,0.2,0.6,7/4/2024
MANFV,MANFV17,NESW,rock,0.5,1.4,,,6/19/2024
MANFV,MANFV25,NWSE,Casp,15.7,16.3,0.6,1.2,7/4/2024
MANFV,MANFV17,NESW,rock,2.1,2.7,,,6/19/2024
MANFV,MANFV12,NESW,Casp,4.3,5.0,0.9,1.6,6/10/2024
MANFV,MANFV17,NESW,rock,3.2,3.3,,,6/19/2024
MANFV,MANFV12,NESW,Casp,5.6,6.8,0.5,2,6/10/2024
MANFV,MANFV17,NESW,rock,3.7,4.1,,,6/19/2024
MANFV,MANFV12,NESW,Casp,8.1,8.9,0.85,2,6/10/2024
MANFV,MANFV12,NWSE,Casp,11.1,11.9,0.5,2.2,6/10/2024
MANFV,MANFV12,NWSE,Casp,14.0,14.3,0.5,1.2,6/10/2024
MANFV,MANFV17,NESW,rock,4.9,5.3,,,6/19/2024
MANFV,MANFV11,NESW,Casp,14.7,15.1,0.4,0.35,5/29/2024
MANFV,MANFV25,NESW,Chhu,4.3,4.5,0.3,0.25,7/4/2024
MANFV,MANFV17,NESW,soil,6.3,6.8,,,6/19/2024
MANFV,MANFV18,NESW,Chhu,2.4,4.0,0.6,0.5,6/19/2024
MANFV,MANFV17,NESW,rock,7.0,8.6,,,6/19/2024
MANFV,MANFV18,NWSE,Chhu,0.2,1.4,2,1,6/19/2024
MANFV,MANFV18,NWSE,Chhu,6.7,6.9,0.5,0.6,6/19/2024
MANFV,MANFV17,NESW,rock,9.4,10.6,,,6/19/2024
MANFV,MANFV18,NWSE,Chhu,10.3,10.9,1.2,0.6,6/19/2024
MANFV,MANFV17,NESW,rock,11.3,13.0,,,6/19/2024
MANFV,MANFV18,NWSE,Chhu,19.6,20.0,1.5,1,6/19/2024
MANFV,MANFV17,NESW,rock,13.2,13.5,,,6/19/2024
MANFV,MANFV17,NESW,Chhu,4.3,6.3,1.35,0.85,6/19/2024
MANFV,MANFV17,NESW,rock,13.9,14.2,,,6/19/2024
MANFV,MANFV17,NWSE,Chhu,2.5,5.6,1.5,1,6/19/2024
MANFV,MANFV17,NWSE,Chhu,7.2,9.3,0.8,0.6,6/19/2024
MANFV,MANFV17,NESW,rock,15.0,15.3,,,6/19/2024
MANFV,MANFV14,NESW,Chhu,0.0,0.2,0.5,0.5,6/12/2024
MANFV,MANFV14,NESW,Chhu,0.8,1.4,1.5,0.9,6/12/2024
MANFV,MANFV14,NESW,Chhu,8.1,9.6,2,0.7,6/12/2024
MANFV,MANFV14,NESW,Chhu,12.1,16.5,1.1,0.4,6/12/2024
MANFV,MANFV17,NESW,rock,16.1,17.2,,,6/19/2024
MANFV,MANFV14,NWSE,Chhu,1.4,3.0,1.7,0.4,6/12/2024
MANFV,MANFV17,NESW,rock,17.8,20.0,,,6/19/2024
MANFV,MANFV14,NWSE,Chhu,4.1,4.7,2,0.8,6/12/2024
MANFV,MANFV14,NWSE,Chhu,5.1,5.5,0.8,0.5,6/12/2024
MANFV,MANFV17,NWSE,rock,0.0,1.0,,,6/19/2024
MANFV,MANFV14,NWSE,Chhu,7.3,8.3,2,0.65,6/12/2024
MANFV,MANFV14,NWSE,Chhu,12.4,12.9,2,1,6/12/2024
MANFV,MANFV14,NWSE,Chhu,13.5,15.6,2.1,0.1,6/12/2024
MANFV,MANFV17,NWSE,rock,1.8,2.8,,,6/19/2024
MANFV,MANFV13,NESW,Chhu,7.1,9.9,2,1.6,6/11/2024
MANFV,MANFV12,NESW,Chhu,0.0,1.4,1.8,0.9,6/10/2024
MANFV,MANFV17,NWSE,rock,5.3,7.3,,,6/19/2024
MANFV,MANFV12,NESW,Chhu,6.1,6.9,2,0.7,6/10/2024
MANFV,MANFV12,NESW,Chhu,7.2,8.9,2,0.5,6/10/2024
MANFV,MANFV12,NESW,Chhu,10.5,11.4,1.1,0.7,6/10/2024
MANFV,MANFV12,NWSE,Chhu,0.3,2.6,1.6,1,6/10/2024
MANFV,MANFV17,NWSE,rock,9.0,11.0,,,6/19/2024
MANFV,MANFV12,NWSE,Chhu,11.5,15.7,1.3,0.5,6/10/2024
MANFV,MANFV12,NWSE,Chhu,19.8,20.0,2,2,6/10/2024
MANFV,MANFV11,NESW,Chhu,1.6,3.4,1,0.7,5/29/2024
MANFV,MANFV11,NESW,Chhu,6.4,6.9,1.3,1.6,5/29/2024
MANFV,MANFV11,NWSE,Chhu,1.2,1.8,1.3,1.4,5/29/2024
MANFV,MANFV11,NWSE,Chhu,12.3,12.7,0.8,0.3,5/29/2024
MANFV,MANFV17,NWSE,rock,12.4,13.4,,,6/19/2024
MANFV,MANFV11,NWSE,Chhu,13.2,14.0,1.2,0.5,5/29/2024
MANFV,MANFV27,NESW,Cial,4.2,4.4,0.5,0.8,7/8/2024
MANFV,MANFV27,NESW,Cial,6.0,7.3,0.2,0.6,7/8/2024
MANFV,MANFV17,NWSE,rock,14.4,15.2,,,6/19/2024
MANFV,MANFV27,NESW,Cial,7.2,8.7,0.7,0.9,7/8/2024
MANFV,MANFV17,NWSE,rock,15.2,15.7,,,6/19/2024
MANFV,MANFV27,NESW,Cial,13.0,13.9,0.7,0.8,7/8/2024
MANFV,MANFV17,NWSE,rock,16.1,16.4,,,6/19/2024
MANFV,MANFV27,NESW,Cial,17.6,17.8,0.6,0.5,7/8/2024
MANFV,MANFV17,NWSE,rock,17.3,18.1,,,6/19/2024
MANFV,MANFV27,NWSE,Cial,7.4,7.8,0.3,0.6,7/8/2024
MANFV,MANFV27,NWSE,Cial,11.1,11.2,0.2,0.5,7/8/2024
MANFV,MANFV27,NWSE,Cial,16.7,17.0,0.5,0.6,7/8/2024
MANFV,MANFV17,NWSE,rock,18.7,20.0,,,6/19/2024
MANFV,MANFV16,NESW,rock,0.0,2.4,,,6/18/2024
MANFV,MANFV16,NESW,Brre,2.4,4.5,0.8,0.1,6/18/2024
MANFV,MANFV16,NESW,Amma,3.7,4.5,0.6,0.7,6/18/2024
MANFV,MANFV16,NESW,Brre,4.3,5.0,0.6,0.27,6/18/2024
MANFV,MANFV16,NESW,rock,5.0,8.7,,,6/18/2024
MANFV,MANFV16,NESW,Amma,8.7,9.0,1.4,0.8,6/18/2024
MANFV,MANFV16,NESW,Brre,9.0,9.2,0.25,0.07,6/18/2024
MANFV,MANFV16,NESW,rock,9.2,9.8,,,6/18/2024
MANFV,MANFV16,NESW,Brre,9.8,10.6,0.7,0.18,6/18/2024
MANFV,MANFV16,NESW,soil,10.6,10.9,,,6/18/2024
MANFV,MANFV16,NESW,rock,10.9,11.1,,,6/18/2024
MANFV,MANFV16,NESW,Brre,11.1,11.6,1,0.2,6/18/2024
MANFV,MANFV16,NESW,Pile,11.6,12.0,2,1.5,6/18/2024
MANFV,MANFV16,NESW,rock,11.6,12.1,,,6/18/2024
MANFV,MANFV16,NESW,soil,12.1,12.6,,,6/18/2024
MANFV,MANFV16,NESW,Amma,12.6,13.1,0.5,0.6,6/18/2024
MANFV,MANFV16,NESW,rock,13.1,13.8,,,6/18/2024
MANFV,MANFV16,NESW,Brre,13.8,14.4,0.4,0.2,6/18/2024
MANFV,MANFV16,NESW,soil,14.4,15.0,,,6/18/2024
MANFV,MANFV16,NESW,rock,15.0,15.4,,,6/18/2024
MANFV,MANFV16,NESW,Brre,15.4,20.0,1.6,0.2,6/18/2024
MANFV,MANFV16,NESW,Pile,17.6,18.0,0.8,0.6,6/18/2024
MANFV,MANFV16,NESW,Chhu,18.9,19.1,1.5,0.75,6/18/2024
MANFV,MANFV16,NWSE,soil,0.0,0.4,,,6/18/2024
MANFV,MANFV16,NWSE,Amma,0.4,0.9,0.5,1.3,6/18/2024
MANFV,MANFV16,NWSE,Chhu,0.9,4.4,2,1.5,6/18/2024
MANFV,MANFV16,NWSE,Pile,1.8,2.8,2,2,6/18/2024
MANFV,MANFV16,NWSE,Pile,4.0,5.0,1.5,1.9,6/18/2024
MANFV,MANFV16,NWSE,soil,5.0,5.4,,,6/18/2024
MANFV,MANFV16,NWSE,Amma,5.4,6.1,0.95,0.85,6/18/2024
MANFV,MANFV16,NWSE,soil,6.1,7.5,,,6/18/2024
MANFV,MANFV16,NWSE,rock,7.5,7.7,,,6/18/2024
MANFV,MANFV16,NWSE,Pile,7.6,8.4,2,2,6/18/2024
MANFV,MANFV16,NWSE,Amma,7.7,7.8,0.4,0.5,6/18/2024
MANFV,MANFV16,NWSE,rock,8.3,9.0,,,6/18/2024
MANFV,MANFV16,NWSE,Pile,8.8,9.8,0.7,0.5,6/18/2024
MANFV,MANFV16,NWSE,Brre,9.0,10.2,0.4,0.12,6/18/2024
MANFV,MANFV16,NWSE,rock,10.2,10.4,,,6/18/2024
MANFV,MANFV16,NWSE,Brre,10.4,10.7,0.8,0.12,6/18/2024
MANFV,MANFV16,NWSE,rock,10.7,11.4,,,6/18/2024
MANFV,MANFV16,NWSE,Brre,11.4,11.8,0.3,0.2,6/18/2024
MANFV,MANFV16,NWSE,rock,11.8,12.0,,,6/18/2024
MANFV,MANFV16,NWSE,Chhu,12.0,13.5,1,2,6/18/2024
MANFV,MANFV16,NWSE,Brre,12.0,13.6,0.7,0.2,6/18/2024
MANFV,MANFV16,NWSE,litter,13.6,14.1,,,6/18/2024
MANFV,MANFV16,NWSE,rock,14.1,14.5,,,6/18/2024
MANFV,MANFV16,NWSE,Amma,14.5,14.8,0.8,0.7,6/18/2024
MANFV,MANFV16,NWSE,rock,14.8,15.4,,,6/18/2024
MANFV,MANFV16,NWSE,Brre,15.4,16.0,0.6,0.18,6/18/2024
MANFV,MANFV16,NWSE,Chhu,16.0,17.1,0.9,1,6/18/2024
MANFV,MANFV16,NWSE,Brre,17.1,17.4,0.5,0.2,6/18/2024
MANFV,MANFV16,NWSE,litter,17.4,17.8,,,6/18/2024
MANFV,MANFV16,NWSE,Amma,17.8,20.0,2,0.8,6/18/2024
MANFV,MANFV16,NWSE,Pile,18.6,20.0,2,1.6,6/18/2024
MANFV,MANFV16,NWSE,Chhu,19.4,20.0,4,2.3,6/18/2024
MANFV,MANFV01,NESW,Brre,1.7,2.1,0.32,0.1,4/11/2024
MANFV,MANFV01,NESW,Brre,5.7,8.6,0.3,0.18,4/11/2024
MANFV,MANFV15,NESW,litter,1.1,2.1,,,6/13/2024
MANFV,MANFV01,NESW,Brre,8.6,10.6,0.7,0.1,4/11/2024
MANFV,MANFV01,NESW,Brre,11.0,12.4,0.6,0.15,4/11/2024
MANFV,MANFV15,NESW,litter,2.9,5.0,,,6/13/2024
MANFV,MANFV15,NESW,rock,5.0,5.4,,,6/13/2024
MANFV,MANFV01,NESW,Brre,13.5,15.0,0.95,0.72,4/11/2024
MANFV,MANFV01,NESW,Brre,15.4,16.2,0.9,0.8,4/11/2024
MANFV,MANFV01,NWSE,Brre,0.0,1.1,0.9,0.22,4/11/2024
MANFV,MANFV15,NESW,litter,7.3,7.7,,,6/13/2024
MANFV,MANFV01,NWSE,Brre,3.9,6.3,0.9,0.22,4/11/2024
MANFV,MANFV15,NESW,rock,8.1,10.0,,,6/13/2024
MANFV,MANFV01,NWSE,Brre,7.7,10.5,1.3,0.3,4/11/2024
MANFV,MANFV15,NESW,rock,10.3,13.3,,,6/13/2024
MANFV,MANFV01,NWSE,Brre,10.8,11.6,2,0.18,4/11/2024
MANFV,MANFV01,NWSE,Brre,13.2,15.3,0.7,0.67,4/11/2024
MANFV,MANFV29,NESW,Casp,7.9,8.9,0.7,0.65,7/10/2024
MANFV,MANFV29,NESW,Casp,10.0,10.7,1.6,0.6,7/10/2024
MANFV,MANFV15,NESW,rock,15.5,16.9,,,6/13/2024
MANFV,MANFV29,NESW,Casp,11.8,12.6,1.3,0.65,7/10/2024
MANFV,MANFV29,NESW,Casp,13.5,14.3,0.9,0.3,7/10/2024
MANFV,MANFV29,NESW,Casp,14.5,15.2,1.75,0.45,7/10/2024
MANFV,MANFV29,NESW,Casp,15.9,16.4,0.6,0.35,7/10/2024
MANFV,MANFV29,NESW,Casp,18.9,19.4,0.6,0.7,7/10/2024
MANFV,MANFV29,NWSE,Casp,8.0,8.8,2.7,0.4,7/10/2024
MANFV,MANFV29,NWSE,Casp,11.1,11.4,0.7,0.5,7/10/2024
MANFV,MANFV15,NESW,rock,19.6,20.0,,,6/13/2024
MANFV,MANFV15,NWSE,litter,0.0,0.3,,,6/13/2024
MANFV,MANFV15,NWSE,rock,0.3,2.8,,,6/13/2024
MANFV,MANFV29,NWSE,Casp,13.0,14.3,0.5,0.25,7/10/2024
MANFV,MANFV15,NWSE,litter,3.9,6.3,,,6/13/2024
MANFV,MANFV15,NWSE,rock,6.3,9.7,,,6/13/2024
MANFV,MANFV15,NWSE,litter,9.7,10.0,,,6/13/2024
MANFV,MANFV29,NWSE,Casp,15.0,16.7,1,0.3,7/10/2024
MANFV,MANFV15,NWSE,rock,10.4,13.8,,,6/13/2024
MANFV,MANFV29,NWSE,Casp,19.5,20.0,1.5,0.45,7/10/2024
MANFV,MANFV15,NESW,Casp,16.9,18.4,1.6,1,6/13/2024
MANFV,MANFV10,NWSE,Casp,16.9,17.5,0.6,1.6,5/28/2024
MANFV,MANFV15,NWSE,soil,16.7,17.2,,,6/13/2024
MANFV,MANFV15,NWSE,rock,17.2,18.0,,,6/13/2024
MANFV,MANFV09,NWSE,Casp,16.4,18.1,3,2.2,5/21/2024
MANFV,MANFV09,NWSE,Casp,18.9,20.0,0.45,1.3,5/21/2024
MANFV,MANFV02,NESW,Casp,3.4,4.0,0.5,0.86,4/12/2024
MANFV,MANFV15,NWSE,litter,18.5,18.7,,,6/13/2024
MANFV,MANFV02,NESW,Casp,5.4,5.7,0.4,1,4/12/2024
MANFV,MANFV15,NWSE,litter,19.3,19.5,,,6/13/2024
MANFV,MANFV15,NWSE,rock,19.5,20.0,,,6/13/2024
MANFV,MANFV25,NESW,Cial,1.3,1.7,0.6,0.7,7/4/2024
MANFV,MANFV25,NESW,Cial,4.0,4.2,0.5,0.4,7/4/2024
MANFV,MANFV25,NESW,Cial,4.8,4.9,0.6,0.4,7/4/2024
MANFV,MANFV25,NESW,Cial,7.8,8.1,1.7,0.5,7/4/2024
MANFV,MANFV14,NESW,rock,1.5,8.0,,,6/12/2024
MANFV,MANFV25,NESW,Cial,9.2,9.5,0.5,0.7,7/4/2024
MANFV,MANFV25,NESW,Cial,11.6,12.0,0.5,0.75,7/4/2024
MANFV,MANFV25,NWSE,Cial,0.0,0.3,0.5,1.3,7/4/2024
MANFV,MANFV14,NESW,rock,9.5,9.7,,,6/12/2024
MANFV,MANFV14,NESW,soil,9.7,10.0,,,6/12/2024
MANFV,MANFV14,NESW,rock,10.0,12.1,,,6/12/2024
MANFV,MANFV25,NWSE,Cial,7.5,7.9,0.2,0.7,7/4/2024
MANFV,MANFV25,NWSE,Cial,11.3,11.6,0.3,0.45,7/4/2024
MANFV,MANFV25,NWSE,Cial,12.0,12.4,0.3,0.5,7/4/2024
MANFV,MANFV14,NESW,rock,17.1,18.0,,,6/12/2024
MANFV,MANFV25,NWSE,Cial,12.6,13.1,0.6,0.7,7/4/2024
MANFV,MANFV14,NESW,rock,18.4,20.0,,,6/12/2024
MANFV,MANFV25,NWSE,Cial,13.6,13.7,0.2,0.5,7/4/2024
MANFV,MANFV25,NWSE,Cial,18.4,19.4,0.45,0.6,7/4/2024
MANFV,MANFV14,NWSE,rock,0.7,0.9,,,6/12/2024
MANFV,MANFV14,NWSE,soil,0.9,1.4,,,6/12/2024
MANFV,MANFV24,NESW,Cial,0.3,1.8,0.4,1.1,7/2/2024
MANFV,MANFV14,NWSE,soil,3.0,3.9,,,6/12/2024
MANFV,MANFV24,NESW,Cial,9.2,9.7,0.4,0.7,7/2/2024
MANFV,MANFV24,NESW,Cial,18.1,18.5,0.3,0.45,7/2/2024
MANFV,MANFV14,NWSE,soil,4.7,5.2,,,6/12/2024
MANFV,MANFV24,NESW,Cial,19.5,19.9,0.7,0.55,7/2/2024
MANFV,MANFV24,NWSE,Cial,1.4,2.1,0.9,0.8,7/2/2024
MANFV,MANFV14,NWSE,rock,5.6,8.8,,,6/12/2024
MANFV,MANFV24,NWSE,Cial,3.6,4.0,0.55,0.7,7/2/2024
MANFV,MANFV24,NWSE,Cial,10.3,11.8,1.2,0.7,7/2/2024
MANFV,MANFV14,NWSE,soil,8.8,10.0,,,6/12/2024
MANFV,MANFV14,NWSE,rock,10.0,10.9,,,6/12/2024
MANFV,MANFV24,NWSE,Cial,15.6,16.2,0.5,0.65,7/2/2024
MANFV,MANFV14,NWSE,rock,11.5,12.0,,,6/12/2024
MANFV,MANFV24,NWSE,Cial,17.3,19.3,0.9,0.6,7/2/2024
MANFV,MANFV19,NESW,Cial,0.7,2.9,2,0.35,6/20/2024
MANFV,MANFV19,NESW,Cial,5.2,5.7,0.7,0.45,6/20/2024
MANFV,MANFV19,NESW,Cial,7.6,8.3,0.5,0.4,6/20/2024
MANFV,MANFV14,NWSE,rock,15.4,15.8,,,6/12/2024
MANFV,MANFV14,NWSE,soil,15.4,17.4,,,6/12/2024
MANFV,MANFV14,NWSE,rock,17.4,20.0,,,6/12/2024
MANFV,MANFV19,NESW,Cial,10.2,10.6,0.4,0.35,6/20/2024
MANFV,MANFV19,NESW,Cial,11.3,11.6,0.4,0.25,6/20/2024
MANFV,MANFV19,NESW,Cial,12.5,13.1,0.4,0.5,6/20/2024
MANFV,MANFV19,NESW,Cial,13.3,14.9,1,0.5,6/20/2024
MANFV,MANFV19,NESW,Cial,16.6,16.8,0.6,0.4,6/20/2024
MANFV,MANFV13,NESW,rock,1.7,1.9,8.1,,6/11/2024
MANFV,MANFV19,NESW,Cial,17.2,17.7,1,0.4,6/20/2024
MANFV,MANFV19,NESW,Cial,18.3,18.5,0.3,0.3,6/20/2024
MANFV,MANFV19,NWSE,Cial,0.0,1.5,2,0.6,6/20/2024
MANFV,MANFV13,NESW,rock,3.2,3.3,,,6/11/2024
MANFV,MANFV19,NWSE,Cial,2.6,2.9,1,0.8,6/20/2024
MANFV,MANFV13,NESW,soil,3.6,4.0,,,6/11/2024
MANFV,MANFV19,NWSE,Cial,4.5,5.8,2,0.8,6/20/2024
MANFV,MANFV19,NWSE,Cial,6.5,6.8,0.16,0.35,6/20/2024
MANFV,MANFV19,NWSE,Cial,7.3,8.4,0.6,0.5,6/20/2024
MANFV,MANFV19,NWSE,Cial,12.0,12.4,0.4,0.3,6/20/2024
MANFV,MANFV13,NESW,rock,5.9,6.5,,,6/11/2024
MANFV,MANFV19,NWSE,Cial,12.7,13.7,0.85,0.7,6/20/2024
MANFV,MANFV13,NESW,rock,6.9,7.3,,,6/11/2024
MANFV,MANFV19,NWSE,Cial,16.1,16.2,1.6,0.55,6/20/2024
MANFV,MANFV18,NESW,Cial,9.0,9.5,0.2,0.2,6/19/2024
MANFV,MANFV18,NESW,Cial,12.7,13.2,0.6,0.5,6/19/2024
MANFV,MANFV13,NESW,rock,12.3,13.0,,,6/11/2024
MANFV,MANFV18,NWSE,Cial,5.5,6.4,0.65,0.6,6/19/2024
MANFV,MANFV18,NWSE,Cial,8.6,8.7,0.8,0.7,6/19/2024
MANFV,MANFV18,NWSE,Cial,9.1,9.5,0.6,0.55,6/19/2024
MANFV,MANFV13,NESW,soil,15.4,15.9,,,6/11/2024
MANFV,MANFV18,NWSE,Cial,16.4,16.9,0.4,0.3,6/19/2024
MANFV,MANFV13,NESW,soil,16.6,17.5,,,6/11/2024
MANFV,MANFV17,NESW,Cial,2.7,3.2,0.5,0.5,6/19/2024
MANFV,MANFV17,NESW,Cial,4.5,4.7,0.4,0.55,6/19/2024
MANFV,MANFV13,NWSE,rock,0.0,1.6,,,6/11/2024
MANFV,MANFV17,NESW,Cial,5.7,6.2,0.5,1,6/19/2024
MANFV,MANFV13,NWSE,rock,2.2,3.1,,,6/11/2024
MANFV,MANFV17,NESW,Cial,13.0,13.2,0.3,0.4,6/19/2024
MANFV,MANFV17,NESW,Cial,13.5,13.9,0.6,0.4,6/19/2024
MANFV,MANFV17,NESW,Cial,14.2,14.5,0.45,0.6,6/19/2024
MANFV,MANFV13,NWSE,rock,11.4,11.7,,,6/11/2024
MANFV,MANFV17,NESW,Cial,15.2,15.5,0.9,0.55,6/19/2024
MANFV,MANFV13,NWSE,soil,12.0,12.4,,,6/11/2024
MANFV,MANFV17,NESW,Cial,16.0,16.2,0.35,0.4,6/19/2024
MANFV,MANFV17,NESW,Cial,19.8,20.0,0.2,0.4,6/19/2024
MANFV,MANFV17,NWSE,Cial,0.0,0.2,0.3,0.4,6/19/2024
MANFV,MANFV13,NWSE,rock,16.8,17.0,,,6/11/2024
MANFV,MANFV17,NWSE,Cial,1.9,2.3,0.4,0.4,6/19/2024
MANFV,MANFV13,NWSE,soil,17.5,17.9,,,6/11/2024
MANFV,MANFV17,NWSE,Cial,6.6,7.1,0.6,0.4,6/19/2024
MANFV,MANFV13,NWSE,soil,18.7,20.0,,,6/11/2024
MANFV,MANFV17,NWSE,Cial,8.1,8.4,0.3,0.8,6/19/2024
MANFV,MANFV17,NWSE,Cial,9.5,9.6,0.4,0.3,6/19/2024
MANFV,MANFV17,NWSE,Cial,11.0,11.3,0.3,0.6,6/19/2024
MANFV,MANFV17,NWSE,Cial,11.9,12.1,0.5,0.4,6/19/2024
MANFV,MANFV17,NWSE,Cial,12.5,12.9,0.5,0.5,6/19/2024
MANFV,MANFV17,NWSE,Cial,14.8,15.1,0.8,0.5,6/19/2024
MANFV,MANFV17,NWSE,Cial,16.4,17.5,0.9,0.5,6/19/2024
MANFV,MANFV12,NESW,soil,5.6,5.8,,,6/10/2024
MANFV,MANFV17,NWSE,Cial,18.4,18.5,0.36,0.24,6/19/2024
MANFV,MANFV12,NESW,rock,5.8,6.2,,,6/10/2024
MANFV,MANFV14,NESW,Cial,12.2,12.7,0.8,0.7,6/12/2024
MANFV,MANFV14,NESW,Cial,18.0,18.5,2,0.4,6/12/2024
MANFV,MANFV13,NESW,Cial,11.8,12.3,0.5,0.7,6/11/2024
MANFV,MANFV12,NESW,Cial,15.4,15.6,0.2,0.4,6/10/2024
MANFV,MANFV11,NESW,Cial,6.2,6.6,0.35,0.2,5/29/2024
MANFV,MANFV12,NESW,soil,9.0,9.7,,,6/10/2024
MANFV,MANFV12,NESW,rock,9.7,9.9,,,6/10/2024
MANFV,MANFV11,NESW,Cial,8.5,8.7,0.3,0.2,5/29/2024
MANFV,MANFV11,NESW,Cial,10.6,10.8,0.25,0.3,5/29/2024
MANFV,MANFV11,NESW,Cial,11.0,11.2,0.25,0.4,5/29/2024
MANFV,MANFV12,NESW,rock,12.1,13.0,,,6/10/2024
MANFV,MANFV11,NESW,Cial,14.5,14.7,0.2,0.55,5/29/2024
MANFV,MANFV11,NESW,Cial,15.7,15.9,0.4,0.25,5/29/2024
MANFV,MANFV11,NWSE,Cial,7.6,10.4,0.3,0.5,5/29/2024
MANFV,MANFV04,NESW,Cial,7.6,8.0,0.5,0.67,4/17/2024
MANFV,MANFV04,NESW,Cial,13.4,14.4,1,0.66,4/16/2024
MANFV,MANFV12,NESW,rock,15.5,16.6,,,6/10/2024
MANFV,MANFV04,NESW,Cial,17.1,18.0,1.5,0.5,4/16/2024
MANFV,MANFV04,NESW,Cial,18.7,19.2,0.4,0.45,4/16/2024
MANFV,MANFV04,NWSE,Cial,12.3,12.7,1,0.5,4/17/2024
MANFV,MANFV12,NESW,rock,17.8,20.0,,,6/10/2024
MANFV,MANFV25,NESW,Cimo,0.0,0.1,0.6,1,7/4/2024
MANFV,MANFV25,NESW,Cimo,1.7,2.0,0.7,0.8,7/4/2024
MANFV,MANFV12,NESW,Cimo,0.0,1.3,2.1,1.6,6/10/2024
MANFV,MANFV12,NWSE,rock,2.4,2.9,,,6/10/2024
MANFV,MANFV12,NESW,Cimo,3.1,3.6,1.95,1,6/10/2024
MANFV,MANFV12,NESW,Cimo,4.7,5.6,2,1.4,6/10/2024
MANFV,MANFV12,NWSE,rock,4.6,5.0,,,6/10/2024
MANFV,MANFV12,NESW,Cimo,7.7,9.0,1.3,1.6,6/10/2024
MANFV,MANFV12,NWSE,rock,6.0,7.3,,,6/10/2024
MANFV,MANFV12,NWSE,Cimo,5.0,6.0,2,0.9,6/10/2024
MANFV,MANFV12,NWSE,Cimo,6.6,6.8,0.3,0.4,6/10/2024
MANFV,MANFV12,NWSE,Cimo,10.6,11.4,0.9,1.4,6/10/2024
MANFV,MANFV12,NWSE,Cimo,13.5,14.0,1.4,1.2,6/10/2024
MANFV,MANFV12,NWSE,rock,9.4,9.6,,,6/10/2024
MANFV,MANFV12,NWSE,Cimo,16.3,17.1,1.6,1.2,6/10/2024
MANFV,MANFV12,NWSE,soil,10.2,10.4,,,6/10/2024
MANFV,MANFV12,NWSE,Cimo,17.5,17.8,0.5,1.2,6/10/2024
MANFV,MANFV12,NWSE,Cimo,19.1,19.8,0.5,1.5,6/10/2024
MANFV,MANFV27,NESW,Ermu,0.9,1.7,1.3,1.6,7/8/2024
MANFV,MANFV27,NESW,Ermu,7.2,7.8,0.9,0.5,7/8/2024
MANFV,MANFV27,NESW,Ermu,14.8,16.7,1.45,0.8,7/8/2024
MANFV,MANFV27,NESW,Ermu,17.8,18.0,0.65,0.2,7/8/2024
MANFV,MANFV27,NWSE,Ermu,3.4,4.0,1.3,1,7/8/2024
MANFV,MANFV12,NWSE,soil,15.7,15.9,,,6/10/2024
MANFV,MANFV27,NWSE,Ermu,5.4,5.9,0.6,0.9,7/8/2024
MANFV,MANFV27,NWSE,Ermu,12.7,13.1,1.25,0.6,7/8/2024
MANFV,MANFV27,NWSE,Ermu,16.4,17.1,0.6,0.4,7/8/2024
MANFV,MANFV25,NESW,Ermu,2.0,2.2,0.6,0.1,7/4/2024
MANFV,MANFV12,NWSE,soil,18.9,19.1,,,6/10/2024
MANFV,MANFV25,NESW,Ermu,10.8,11.1,0.4,0.3,7/4/2024
MANFV,MANFV17,NESW,Ermu,8.6,9.4,0.6,0.5,6/19/2024
MANFV,MANFV11,NESW,rock,0.0,0.2,,,5/29/2024
MANFV,MANFV11,NESW,soil,0.2,1.5,,,5/29/2024
MANFV,MANFV17,NESW,Ermu,10.4,11.3,0.6,0.4,6/19/2024
MANFV,MANFV17,NESW,Ermu,15.7,16.2,0.5,0.6,6/19/2024
MANFV,MANFV17,NWSE,Ermu,10.9,12.2,0.7,0.5,6/19/2024
MANFV,MANFV17,NWSE,Ermu,12.0,12.2,0.5,0.4,6/19/2024
MANFV,MANFV11,NESW,soil,4.1,4.6,,,5/29/2024
MANFV,MANFV11,NESW,Ermu,3.6,4.1,0.65,0.9,5/29/2024
MANFV,MANFV11,NWSE,Ermu,10.4,11.2,0.8,0.6,5/29/2024
MANFV,MANFV27,NESW,Pile,7.2,7.4,0.2,0.4,7/8/2024
MANFV,MANFV27,NESW,Pile,14.3,14.8,1.3,0.5,7/8/2024
MANFV,MANFV27,NWSE,Pile,3.7,4.3,0.8,0.5,7/8/2024
MANFV,MANFV11,NESW,soil,6.9,8.5,,,5/29/2024
MANFV,MANFV27,NWSE,Pile,7.7,9.1,1.7,1,7/8/2024
MANFV,MANFV27,NWSE,Pile,14.2,14.6,1.2,0.5,7/8/2024
MANFV,MANFV11,NESW,rock,8.7,10.0,,,5/29/2024
MANFV,MANFV11,NESW,soil,10.0,10.3,,,5/29/2024
MANFV,MANFV11,NESW,rock,10.3,10.6,,,5/29/2024
MANFV,MANFV27,NWSE,Pile,17.0,17.7,0.7,0.6,7/8/2024
MANFV,MANFV27,NWSE,Pile,19.0,19.3,0.7,0.4,7/8/2024
MANFV,MANFV26,NESW,Pile,13.5,15.6,1.5,0.8,7/5/2024
MANFV,MANFV11,NESW,soil,11.2,12.1,,,5/29/2024
MANFV,MANFV26,NWSE,Pile,11.2,14.1,2,1.1,7/5/2024
MANFV,MANFV11,NESW,rock,12.4,13.2,,,5/29/2024
MANFV,MANFV25,NESW,Pile,12.5,14.9,3.5,1,7/4/2024
MANFV,MANFV25,NWSE,Pile,0.3,1.6,2,1.5,7/4/2024
MANFV,MANFV11,NESW,soil,14.7,14.7,,,5/29/2024
MANFV,MANFV25,NWSE,Pile,13.6,18.4,2,1,7/4/2024
MANFV,MANFV11,NESW,soil,15.1,15.7,,,5/29/2024
MANFV,MANFV24,NESW,Pile,0.4,2.6,2.5,1.2,7/2/2024
MANFV,MANFV11,NESW,soil,15.9,16.1,,,5/29/2024
MANFV,MANFV11,NESW,rock,16.1,16.5,,,5/29/2024
MANFV,MANFV24,NWSE,Pile,0.0,0.9,2.5,0.6,7/2/2024
MANFV,MANFV19,NWSE,Pile,13.6,15.2,0.85,2,6/20/2024
MANFV,MANFV11,NESW,soil,17.0,17.4,,,5/29/2024
MANFV,MANFV19,NWSE,Pile,16.2,16.8,0.5,0.45,6/20/2024
MANFV,MANFV19,NWSE,Pile,17.2,18.0,0.75,0.53,6/20/2024
MANFV,MANFV17,NESW,Pile,8.3,8.9,0.35,0.3,6/19/2024
MANFV,MANFV17,NESW,Pile,18.5,18.9,1.5,0.7,6/19/2024
MANFV,MANFV11,NESW,soil,19.0,20.0,,,5/29/2024
MANFV,MANFV11,NWSE,soil,0.0,1.2,,,5/29/2024
MANFV,MANFV17,NWSE,Pile,0.0,0.6,1.5,0.4,6/19/2024
MANFV,MANFV17,NWSE,Pile,13.4,13.8,1.25,0.6,6/19/2024
MANFV,MANFV11,NWSE,rock,2.2,2.4,,,5/29/2024
MANFV,MANFV14,NESW,Pile,19.0,20.0,2,0.8,6/12/2024
MANFV,MANFV14,NWSE,Pile,0.0,0.6,1.9,0.8,6/12/2024
MANFV,MANFV11,NWSE,soil,4.8,5.6,,,5/29/2024
MANFV,MANFV14,NWSE,Pile,5.4,6.2,0.5,0.4,6/12/2024
MANFV,MANFV11,NWSE,rock,6.0,10.0,,,5/29/2024
MANFV,MANFV14,NWSE,Pile,11.8,12.8,0.95,0.95,6/12/2024
MANFV,MANFV14,NWSE,Pile,12.9,14.7,1,1.2,6/12/2024
MANFV,MANFV14,NWSE,Pile,19.3,20.0,2,1.5,6/12/2024
MANFV,MANFV11,NWSE,soil,12.0,12.3,,,5/29/2024
MANFV,MANFV13,NESW,Pile,14.0,14.8,1.15,0.7,6/11/2024
MANFV,MANFV11,NWSE,soil,12.7,13.1,,,5/29/2024
MANFV,MANFV13,NWSE,Pile,13.2,14.9,2.9,0.9,6/11/2024
MANFV,MANFV12,NESW,Pile,1.2,2.4,1.3,0.8,6/10/2024
MANFV,MANFV11,NWSE,rock,14.0,15.2,,,5/29/2024
MANFV,MANFV12,NESW,Pile,12.8,14.0,1.8,1.5,6/10/2024
MANFV,MANFV12,NESW,Pile,17.7,18.1,0.8,0.6,6/10/2024
MANFV,MANFV11,NWSE,rock,16.2,16.6,,,5/29/2024
MANFV,MANFV12,NWSE,Pile,2.9,4.6,1.9,1.5,6/10/2024
MANFV,MANFV12,NWSE,Pile,7.2,9.4,1.7,1.2,6/10/2024
MANFV,MANFV12,NWSE,Pile,17.5,18.9,0.7,1.1,6/10/2024
MANFV,MANFV11,NWSE,soil,17.8,18.4,,,5/29/2024
MANFV,MANFV11,NESW,Pile,5.5,6.9,2,0.85,5/29/2024
MANFV,MANFV11,NWSE,rock,19.0,20.0,,,5/29/2024
MANFV,MANFV10,NESW,litter,0.0,2.9,,,5/28/2024
MANFV,MANFV02,NESW,Casp,7.1,7.5,1.6,0.83,4/12/2024
MANFV,MANFV10,NESW,soil,5.5,6.8,,,5/28/2024
MANFV,MANFV02,NESW,Casp,13.4,14.3,1.35,1.38,4/12/2024
MANFV,MANFV02,NWSE,Casp,2.3,3.0,1.2,1.5,4/12/2024
MANFV,MANFV10,NESW,woody debris,7.8,8.7,,,5/28/2024
MANFV,MANFV10,NESW,woody debris,8.7,9.0,,,5/28/2024
MANFV,MANFV02,NWSE,Casp,6.4,7.2,0.34,1.05,4/12/2024
MANFV,MANFV10,NESW,rock,9.7,14.8,,,5/28/2024
MANFV,MANFV10,NESW,litter,14.8,16.9,,,5/28/2024
MANFV,MANFV10,NESW,rock,16.9,19.0,,,5/28/2024
MANFV,MANFV02,NWSE,Casp,10.8,10.9,0.52,0.9,4/12/2024
MANFV,MANFV02,NWSE,Casp,14.9,15.2,0.4,1,4/12/2024
MANFV,MANFV10,NWSE,litter,0.4,2.8,,,5/28/2024
MANFV,MANFV10,NWSE,rock,2.8,10.2,,,5/28/2024
MANFV,MANFV10,NWSE,woody debris,10.2,11.0,,,5/28/2024
MANFV,MANFV01,NESW,Casp,2.1,2.2,0.06,0.35,4/11/2024
MANFV,MANFV10,NWSE,litter,12.8,13.3,,,5/28/2024
MANFV,MANFV15,NESW,Chhu,6.1,7.3,1.6,0.7,6/13/2024
MANFV,MANFV15,NESW,Chhu,17.5,17.7,0.3,0.7,6/13/2024
MANFV,MANFV10,NWSE,soil,15.4,15.7,,,5/28/2024
MANFV,MANFV15,NESW,Chhu,19.6,19.8,0.62,0.5,6/13/2024
MANFV,MANFV15,NWSE,Chhu,2.7,3.9,1.25,0.65,6/13/2024
MANFV,MANFV15,NWSE,Chhu,14.6,16.7,1.1,0.9,6/13/2024
MANFV,MANFV10,NWSE,soil,18.8,19.3,,,5/28/2024
MANFV,MANFV02,NESW,Chhu,11.7,13.0,0.97,0.83,4/12/2024
MANFV,MANFV09,NESW,litter,0.0,8.0,,,5/21/2024
MANFV,MANFV02,NWSE,Chhu,11.1,11.3,0.4,0.47,4/12/2024
MANFV,MANFV09,NESW,rock,9.4,12.3,,,5/21/2024
MANFV,MANFV09,NESW,litter,12.5,15.8,,,5/21/2024
MANFV,MANFV01,NWSE,Chhu,0.8,1.5,0.7,0.8,4/11/2024
MANFV,MANFV29,NWSE,Cial,16.7,16.8,1.3,0.25,7/10/2024
MANFV,MANFV28,NESW,Cial,2.1,3.1,0.6,0.9,7/9/2024
MANFV,MANFV09,NESW,soil,18.8,19.5,,,5/21/2024
MANFV,MANFV28,NWSE,Cial,0.8,1.7,0.8,0.7,7/9/2024
MANFV,MANFV09,NWSE,litter,0.0,1.0,,,5/21/2024
MANFV,MANFV20,NESW,Cial,13.8,14.4,0.85,0.65,6/26/2024
MANFV,MANFV09,NWSE,litter,1.7,8.7,,,5/21/2024
MANFV,MANFV09,NWSE,rock,8.7,9.5,,,5/21/2024
MANFV,MANFV09,NWSE,rock,9.5,13.2,,,5/21/2024
MANFV,MANFV20,NESW,Cial,15.45,15.5,0.45,0.2,6/26/2024
MANFV,MANFV20,NESW,Cial,18.15,18.35,0.4,0.4,6/26/2024
MANFV,MANFV09,NWSE,litter,14.0,16.4,,,5/21/2024
MANFV,MANFV15,NESW,Cial,0.2,1.1,1.05,0.85,6/13/2024
MANFV,MANFV15,NESW,Cial,2.3,2.9,0.4,0.65,6/13/2024
MANFV,MANFV15,NESW,Cial,5.8,6.1,0.55,0.5,6/13/2024
MANFV,MANFV08,NESW,soil,0.0,1.2,,,5/16/2024
MANFV,MANFV08,NESW,Amma,1.2,2.8,0.4,0.23,5/16/2024
MANFV,MANFV08,NESW,Smas,1.4,1.4,0.1,4,5/16/2024
MANFV,MANFV08,NESW,soil,2.8,3.1,,,5/16/2024
MANFV,MANFV08,NESW,rock,3.1,3.8,,,5/16/2024
MANFV,MANFV08,NESW,soil,3.8,4.5,,,5/16/2024
MANFV,MANFV08,NESW,Pile,4.5,7.5,2.9,0.8,5/16/2024
MANFV,MANFV08,NESW,soil,7.5,8.4,,,5/16/2024
MANFV,MANFV08,NESW,Brre,8.4,8.6,0.1,0.12,5/16/2024
MANFV,MANFV08,NESW,soil,8.6,8.9,,,5/16/2024
MANFV,MANFV08,NESW,Amma,8.9,10.0,1.05,0.7,5/16/2024
MANFV,MANFV08,NESW,soil,10.0,11.1,,,5/16/2024
MANFV,MANFV08,NESW,Casp,11.1,11.3,0.2,0.3,5/16/2024
MANFV,MANFV08,NESW,soil,11.3,13.0,,,5/16/2024
MANFV,MANFV08,NESW,rock,13.0,14.2,,,5/16/2024
MANFV,MANFV08,NESW,Brre,14.2,17.4,1.5,0.5,5/16/2024
MANFV,MANFV08,NESW,rock,17.3,17.9,,,5/16/2024
MANFV,MANFV08,NESW,soil,17.9,20.0,,,5/16/2024
MANFV,MANFV08,NWSE,Amma,0.0,1.4,0.4,0.75,5/16/2024
MANFV,MANFV08,NWSE,soil,1.4,2.0,,,5/16/2024
MANFV,MANFV08,NWSE,Amma,2.0,2.8,0.4,0.75,5/16/2024
MANFV,MANFV08,NWSE,soil,2.8,3.2,,,5/16/2024
MANFV,MANFV08,NWSE,Amma,3.2,4.1,0.7,0.75,5/16/2024
MANFV,MANFV08,NWSE,soil,4.1,4.6,,,5/16/2024
MANFV,MANFV08,NWSE,Amma,4.6,5.7,1.1,0.8,5/16/2024
MANFV,MANFV08,NWSE,Quco,5.0,6.0,1.3,1.3,5/16/2024
MANFV,MANFV08,NWSE,soil,5.7,7.0,,,5/16/2024
MANFV,MANFV08,NWSE,Casp,7.0,7.3,0.35,0.8,5/16/2024
MANFV,MANFV08,NWSE,Amma,7.1,7.8,0.3,0.3,5/16/2024
MANFV,MANFV08,NWSE,Quco,7.5,7.8,0.6,1.3,5/16/2024
MANFV,MANFV08,NWSE,Quco,7.5,7.8,0.35,0.5,5/16/2024
MANFV,MANFV08,NWSE,soil,7.8,8.5,,,5/16/2024
MANFV,MANFV08,NWSE,Casp,8.5,9.4,0.4,2,5/16/2024
MANFV,MANFV08,NWSE,Amma,9.4,9.5,0.1,0.3,5/16/2024
MANFV,MANFV08,NWSE,soil,9.5,10.0,,,5/16/2024
MANFV,MANFV08,NWSE,Brre,10.0,10.3,0.2,0.1,5/16/2024
MANFV,MANFV08,NWSE,soil,10.3,11.5,,,5/16/2024
MANFV,MANFV08,NWSE,Casp,11.5,12.5,0.4,1.1,5/16/2024
MANFV,MANFV08,NWSE,soil,12.5,13.5,,,5/16/2024
MANFV,MANFV08,NWSE,Amma,13.5,14.3,1.3,0.75,5/16/2024
MANFV,MANFV08,NWSE,soil,14.3,15.6,,,5/16/2024
MANFV,MANFV08,NWSE,Amma,15.6,15.9,0.3,0.2,5/16/2024
MANFV,MANFV08,NWSE,Pile,15.9,18.6,1.8,2,5/16/2024
MANFV,MANFV08,NWSE,soil,18.6,20.0,,,5/16/2024
MANFV,MANFV07,NESW,rock,0.0,1.4,,,5/22/2024
MANFV,MANFV07,NESW,soil,1.4,5.2,,,5/22/2024
MANFV,MANFV07,NESW,Asac,5.2,5.2,0.15,0.1,5/22/2024
MANFV,MANFV07,NESW,soil,5.2,6.1,,,5/22/2024
MANFV,MANFV07,NESW,Asac,6.1,6.2,0.15,0.1,5/22/2024
MANFV,MANFV07,NESW,soil,6.2,7.2,,,5/22/2024
MANFV,MANFV07,NESW,Cimo,7.2,7.4,0.15,0.35,5/22/2024
MANFV,MANFV07,NESW,soil,7.4,8.1,,,5/22/2024
MANFV,MANFV07,NESW,Cimo,8.1,8.6,0.3,0.7,5/22/2024
MANFV,MANFV07,NESW,soil,8.6,10.8,,,5/22/2024
MANFV,MANFV07,NESW,Asac,10.8,10.9,0.1,0.15,5/22/2024
MANFV,MANFV07,NESW,soil,10.9,11.5,,,5/22/2024
MANFV,MANFV07,NESW,Asac,11.5,11.6,0.3,0.3,5/22/2024
MANFV,MANFV07,NESW,soil,11.6,11.7,,,5/22/2024
MANFV,MANFV07,NESW,Pile,11.7,13.0,3,1.6,5/22/2024
MANFV,MANFV07,NESW,Brre,12.3,14.0,3,0.45,5/22/2024
MANFV,MANFV07,NESW,soil,14.0,14.3,,,5/22/2024
MANFV,MANFV07,NESW,Pile,14.3,16.4,3,1.6,5/22/2024
MANFV,MANFV07,NESW,Brre,14.3,16.0,1.2,0.25,5/22/2024
MANFV,MANFV07,NESW,soil,16.4,17.3,,,5/22/2024
MANFV,MANFV07,NESW,Asal,17.3,17.7,0.5,0.4,5/22/2024
MANFV,MANFV07,NESW,soil,17.7,18.4,,,5/22/2024
MANFV,MANFV07,NESW,Pile,18.4,19.7,1.5,1.5,5/22/2024
MANFV,MANFV07,NESW,Brre,19.7,20.0,0.5,0.1,5/22/2024
MANFV,MANFV07,NWSE,soil,0.0,0.9,,,5/22/2024
MANFV,MANFV07,NWSE,Cimo,0.9,1.1,0.3,0.3,5/22/2024
MANFV,MANFV07,NWSE,soil,1.1,2.5,,,5/22/2024
MANFV,MANFV07,NWSE,Brre,2.5,3.0,0.85,0.3,5/22/2024
MANFV,MANFV07,NWSE,soil,3.0,3.2,,,5/22/2024
MANFV,MANFV07,NWSE,rock,3.2,5.1,,,5/22/2024
MANFV,MANFV07,NWSE,soil,5.1,6.1,,,5/22/2024
MANFV,MANFV07,NWSE,rock,6.1,6.7,,,5/22/2024
MANFV,MANFV07,NWSE,soil,6.7,7.1,,,5/22/2024
MANFV,MANFV07,NWSE,rock,7.1,7.4,,,5/22/2024
MANFV,MANFV07,NWSE,soil,7.4,7.6,,,5/22/2024
MANFV,MANFV07,NWSE,rock,7.6,8.6,,,5/22/2024
MANFV,MANFV07,NWSE,soil,8.6,9.7,,,5/22/2024
MANFV,MANFV07,NWSE,Cimo,9.7,10.0,0.3,0.3,5/22/2024
MANFV,MANFV07,NWSE,soil,10.0,10.9,,,5/22/2024
MANFV,MANFV07,NWSE,Asac,10.9,10.9,0.1,0.1,5/22/2024
MANFV,MANFV07,NWSE,soil,10.9,11.8,,,5/22/2024
MANFV,MANFV07,NWSE,Pile,11.8,13.2,3.5,3.5,5/22/2024
MANFV,MANFV07,NWSE,soil,13.2,18.7,,,5/22/2024
MANFV,MANFV07,NWSE,Brre,18.7,20.0,1.2,0.4,5/22/2024
MANFV,MANFV06,NESW,litter,0.0,0.5,,,5/8/2024
MANFV,MANFV06,NESW,Amma,0.5,6.6,0.5,0.5,5/8/2024
MANFV,MANFV06,NESW,Pile,0.5,2.8,3,3,5/8/2024
MANFV,MANFV06,NESW,soil,6.6,8.5,,,5/8/2024
MANFV,MANFV06,NESW,Amma,8.5,10.0,1.4,0.9,5/8/2024
MANFV,MANFV06,NESW,litter,10.0,11.8,,,5/8/2024
MANFV,MANFV06,NESW,Amma,11.8,14.6,0.5,0.65,5/8/2024
MANFV,MANFV06,NESW,litter,14.6,15.4,,,5/8/2024
MANFV,MANFV06,NESW,Amma,15.4,16.1,1.2,0.6,5/8/2024
MANFV,MANFV06,NESW,litter,16.1,17.3,,,5/8/2024
MANFV,MANFV06,NESW,Amma,17.3,18.4,0.7,0.7,5/8/2024
MANFV,MANFV06,NESW,litter,18.4,18.8,,,5/8/2024
MANFV,MANFV06,NESW,Amma,18.8,19.0,0.3,0.7,5/8/2024
MANFV,MANFV06,NESW,Pile,19.0,19.8,1.1,0.7,5/8/2024
MANFV,MANFV06,NESW,litter,19.8,20.0,,,5/8/2024
MANFV,MANFV06,NWSE,Amma,0.0,1.0,1.3,1.2,5/8/2024
MANFV,MANFV06,NWSE,Ermu,0.0,0.4,2.3,1.4,5/8/2024
MANFV,MANFV06,NWSE,Ermu,0.7,1.0,0.2,0.3,5/8/2024
MANFV,MANFV06,NWSE,litter,1.0,1.6,,,5/8/2024
MANFV,MANFV06,NWSE,Amma,1.6,2.4,1.3,1.2,5/8/2024
MANFV,MANFV06,NWSE,litter,2.4,3.2,,,5/8/2024
MANFV,MANFV06,NWSE,Amma,3.2,7.4,1.4,0.9,5/8/2024
MANFV,MANFV06,NWSE,litter,7.4,8.1,,,5/8/2024
MANFV,MANFV06,NWSE,Amma,8.1,10.0,1.4,0.9,5/8/2024
MANFV,MANFV06,NWSE,litter,10.0,11.7,,,5/8/2024
MANFV,MANFV06,NWSE,Amma,11.7,13.2,1.45,0.8,5/8/2024
MANFV,MANFV06,NWSE,litter,13.2,13.9,,,5/8/2024
MANFV,MANFV06,NWSE,Asac,13.9,14.0,0.7,0.4,5/8/2024
MANFV,MANFV06,NWSE,Amma,13.9,14.8,1.2,0.65,5/8/2024
MANFV,MANFV06,NWSE,rock,14.8,17.1,,,5/8/2024
MANFV,MANFV06,NWSE,Pile,17.1,17.8,2.6,1.2,5/8/2024
MANFV,MANFV06,NWSE,litter,17.8,18.5,,,5/8/2024
MANFV,MANFV06,NWSE,Brre,18.5,18.9,0.45,0.3,5/8/2024
MANFV,MANFV06,NWSE,litter,18.9,19.1,,,5/8/2024
MANFV,MANFV06,NWSE,Amma,19.1,20.0,2.2,0.6,5/8/2024
MANFV,MANFV05,NESW,litter,0.0,2.0,,,5/6/2024
MANFV,MANFV15,NESW,Cial,7.7,8.1,0.7,0.5,6/13/2024
MANFV,MANFV05,NESW,litter,3.3,11.7,,,5/6/2024
MANFV,MANFV15,NESW,Cial,18.4,19.0,0.4,0.3,6/13/2024
MANFV,MANFV05,NESW,litter,15.2,20.0,,,5/6/2024
MANFV,MANFV05,NWSE,litter,0.0,1.8,,,5/6/2024
MANFV,MANFV15,NESW,Cial,19.5,19.6,2,0.4,6/13/2024
MANFV,MANFV05,NWSE,litter,2.4,3.8,,,5/6/2024
MANFV,MANFV15,NWSE,Cial,10.0,10.6,0.4,0.5,6/13/2024
MANFV,MANFV05,NWSE,litter,5.6,10.2,,,5/6/2024
MANFV,MANFV15,NWSE,Cial,18.4,18.5,0.4,0.5,6/13/2024
MANFV,MANFV05,NWSE,litter,10.3,10.4,,,5/6/2024
MANFV,MANFV15,NWSE,Cial,18.7,19.3,1.15,0.6,6/13/2024
MANFV,MANFV05,NWSE,litter,10.7,10.8,,,5/6/2024
MANFV,MANFV10,NESW,Cial,2.9,5.5,1.6,0.8,5/28/2024
MANFV,MANFV05,NWSE,rock,12.0,13.2,,,5/6/2024
MANFV,MANFV05,NWSE,litter,13.2,13.5,,,5/6/2024
MANFV,MANFV10,NESW,Cial,7.5,7.8,0.75,0.5,5/28/2024
MANFV,MANFV05,NWSE,litter,13.8,15.1,,,5/6/2024
MANFV,MANFV10,NESW,Cial,9.0,9.7,1.95,0.7,5/28/2024
MANFV,MANFV05,NWSE,litter,15.8,17.0,,,5/6/2024
MANFV,MANFV05,NWSE,rock,17.0,17.3,,,5/6/2024
MANFV,MANFV05,NWSE,litter,17.3,17.7,,,5/6/2024
MANFV,MANFV10,NWSE,Cial,11.0,12.8,1,1,5/28/2024
MANFV,MANFV05,NWSE,woody debris,18.1,18.3,,,5/6/2024
MANFV,MANFV10,NWSE,Cial,14.4,15.4,1.3,1.05,5/28/2024
MANFV,MANFV10,NWSE,Cial,15.7,16.5,0.8,1.3,5/28/2024
MANFV,MANFV05,NWSE,litter,19.1,19.8,,,5/6/2024
MANFV,MANFV10,NWSE,Cial,19.3,20.0,1.3,1,5/28/2024
MANFV,MANFV04,NESW,soil,0.0,2.5,,,4/17/2024
MANFV,MANFV11,NESW,Pile,16.7,17.0,1.3,0.8,5/29/2024
MANFV,MANFV04,NESW,soil,2.7,5.5,,,4/17/2024
MANFV,MANFV11,NESW,Pile,17.4,19.2,2.3,1,5/29/2024
MANFV,MANFV04,NESW,soil,5.6,7.3,,,4/17/2024
MANFV,MANFV04,NESW,rock,7.3,7.6,,,4/17/2024
MANFV,MANFV11,NWSE,Pile,1.8,2.2,1.2,0.3,5/29/2024
MANFV,MANFV04,NESW,soil,8.0,11.3,,,4/17/2024
MANFV,MANFV11,NWSE,Pile,2.4,3.7,0.75,1.4,5/29/2024
MANFV,MANFV04,NWSE,Pile,12.9,16.0,1.3,0.65,4/17/2024
MANFV,MANFV04,NESW,soil,12.1,12.7,,,4/16/2024
MANFV,MANFV25,NESW,Pile ,4.8,7.6,3,0.5,7/4/2024
MANFV,MANFV18,NESW,Roof,14.6,15.3,0.4,0.5,6/19/2024
MANFV,MANFV18,NWSE,Roof,11.6,12.7,0.9,0.4,6/19/2024
MANFV,MANFV04,NESW,soil,13.2,13.4,,,4/16/2024
MANFV,MANFV11,NWSE,Roof,16.2,16.2,1,0.25,5/29/2024
MANFV,MANFV11,NWSE,Roof,17.3,17.8,0.25,0.8,5/29/2024
MANFV,MANFV27,NESW,Smas,7.6,8.0,0.7,0.4,7/8/2024
MANFV,MANFV04,NESW,rock,18.0,18.7,,,4/16/2024
MANFV,MANFV27,NESW,Smas,10.9,12.1,0.4,0.4,7/8/2024
MANFV,MANFV27,NESW,Smas,12.4,12.9,0.35,0.25,7/8/2024
MANFV,MANFV04,NESW,soil,19.6,20.0,,,4/16/2024
MANFV,MANFV04,NWSE,soil,0.0,4.0,,,4/16/2024
MANFV,MANFV04,NWSE,rock,4.0,4.1,,,4/16/2024
MANFV,MANFV04,NWSE,soil,4.1,7.6,,,4/16/2024
MANFV,MANFV04,NWSE,rock,7.6,7.9,,,4/16/2024
MANFV,MANFV04,NWSE,soil,7.9,10.4,,,4/16/2024
MANFV,MANFV25,NESW,Smas,15.8,16.0,0.6,0.3,7/4/2024
MANFV,MANFV04,NWSE,soil,10.6,12.3,,,4/17/2024
MANFV,MANFV11,NESW,Smas,16.5,16.7,2.2,0.6,5/29/2024
MANFV,MANFV04,NWSE,soil,12.7,12.9,,,4/17/2024
MANFV,MANFV11,NESW,Smas,17.8,18.3,1,0.5,5/29/2024
MANFV,MANFV04,NWSE,soil,16.0,17.2,,,4/17/2024
MANFV,MANFV11,NESW,Smas,18.8,19.0,0.8,0.2,5/29/2024
MANFV,MANFV04,NWSE,soil,17.5,17.7,,,4/17/2024
MANFV,MANFV04,NESW,Teca,12.8,13.2,0.38,0.2,4/16/2024
MANFV,MANFV04,NWSE,soil,17.7,19.8,,,4/17/2024
MANFV,MANFV04,NWSE,Teca,19.8,20.0,0.5,0.15,4/17/2024
MANFV,MANFV03,NESW,Quco,0.0,2.4,1.8,1.37,4/18/2024
MANFV,MANFV03,NESW,Amma,2.3,3.0,0.4,0.7,4/18/2024
MANFV,MANFV03,NESW,rock,3.0,3.8,,,4/18/2024
MANFV,MANFV03,NESW,woody debris,3.8,4.2,,,4/18/2024
MANFV,MANFV03,NESW,Quco,4.2,5.1,1.13,2.1,4/18/2024
MANFV,MANFV03,NESW,woody debris,5.1,5.9,,1,4/18/2024
MANFV,MANFV03,NESW,Quco,5.9,6.9,2.05,0.92,4/18/2024
MANFV,MANFV03,NESW,Brre,6.9,7.6,0.95,0.1,4/18/2024
MANFV,MANFV03,NESW,rock,7.6,8.0,,,4/18/2024
MANFV,MANFV03,NESW,Brre,8.0,8.6,0.6,0.1,4/18/2024
MANFV,MANFV03,NESW,soil,8.6,9.3,,,4/18/2024
MANFV,MANFV03,NESW,Chhu,9.3,9.7,0.43,0.4,4/18/2024
MANFV,MANFV03,NESW,Cial,9.7,10.0,0.3,0.3,4/18/2024
MANFV,MANFV03,NESW,soil,10.0,10.4,,,3/22/2024
MANFV,MANFV03,NESW,Brre,10.4,10.5,0.19,0.21,3/22/2024
MANFV,MANFV03,NESW,soil,10.5,10.9,,,3/22/2024
MANFV,MANFV03,NESW,Brre,10.9,11.0,0.6,0.2,3/22/2024
MANFV,MANFV03,NESW,soil,11.0,11.6,,,3/22/2024
MANFV,MANFV03,NESW,rock,11.6,12.2,,,3/22/2024
MANFV,MANFV03,NESW,Amma,12.2,13.2,1.1,1.2,3/22/2024
MANFV,MANFV03,NESW,Brre,13.2,13.4,0.2,0.15,3/22/2024
MANFV,MANFV03,NESW,rock,13.4,13.6,,,3/22/2024
MANFV,MANFV03,NESW,Brre,13.6,14.3,0.69,0.15,3/22/2024
MANFV,MANFV03,NESW,rock,14.3,14.6,,,3/22/2024
MANFV,MANFV03,NESW,Chhu,14.6,14.9,0.35,0.5,3/22/2024
MANFV,MANFV03,NESW,rock,14.9,15.6,,,3/22/2024
MANFV,MANFV03,NESW,Amma,15.6,16.6,0.9,0.85,3/22/2024
MANFV,MANFV03,NESW,rock,16.6,18.8,,,3/22/2024
MANFV,MANFV03,NESW,Ermu,18.8,18.9,0.9,1.15,3/22/2024
MANFV,MANFV03,NESW,Chhu,19.0,20.0,1.5,1.37,3/22/2024
MANFV,MANFV03,NWSE,Brre,0.0,0.2,0.34,0.18,3/22/2024
MANFV,MANFV03,NWSE,rock,0.2,0.5,,,3/22/2024
MANFV,MANFV03,NWSE,Brre,0.6,1.5,0.48,0.23,3/22/2024
MANFV,MANFV03,NWSE,Cial,0.8,2.2,1.4,0.95,3/22/2024
MANFV,MANFV03,NWSE,Amma,1.8,2.8,0.75,1.1,3/22/2024
MANFV,MANFV03,NWSE,Cial,2.8,3.1,1.12,0.93,3/22/2024
MANFV,MANFV03,NWSE,rock,3.1,3.5,,,3/22/2024
MANFV,MANFV03,NWSE,Amma,3.5,4.0,0.68,0.8,3/22/2024
MANFV,MANFV03,NWSE,Brre,3.5,4.0,0.66,0.02,3/22/2024
MANFV,MANFV03,NWSE,Smas,4.0,4.0,0.11,0.18,3/22/2024
MANFV,MANFV03,NWSE,Cial,4.0,5.0,2,0.86,3/22/2024
MANFV,MANFV03,NWSE,rock,5.0,5.2,,,3/22/2024
MANFV,MANFV03,NWSE,Cial,5.2,6.6,1,1.02,3/22/2024
MANFV,MANFV03,NWSE,rock,6.6,7.0,,,3/22/2024
MANFV,MANFV03,NWSE,Cial,7.0,7.2,0.3,0.19,3/22/2024
MANFV,MANFV03,NWSE,rock,7.2,7.3,,,3/22/2024
MANFV,MANFV03,NWSE,Brre,7.3,7.7,0.15,0.22,3/22/2024
MANFV,MANFV03,NWSE,rock,7.7,8.0,,,3/22/2024
MANFV,MANFV03,NWSE,Brre,8.0,9.2,0.7,0.24,3/22/2024
MANFV,MANFV03,NWSE,Chhu,8.1,8.4,0.51,0.41,3/22/2024
MANFV,MANFV03,NWSE,Chhu,9.2,9.5,0.62,0.48,3/22/2024
MANFV,MANFV03,NWSE,Cial,9.2,9.8,0.6,0.7,3/22/2024
MANFV,MANFV03,NWSE,soil,9.8,11.4,,,3/22/2024
MANFV,MANFV03,NWSE,Brre,11.4,11.6,1.7,0.2,4/18/2024
MANFV,MANFV03,NWSE,rock,11.6,12.2,,,4/18/2024
MANFV,MANFV03,NWSE,Amma,12.2,13.3,1.3,1.25,4/18/2024
MANFV,MANFV03,NWSE,rock,13.3,13.5,,,4/18/2024
MANFV,MANFV03,NWSE,Cial,13.5,14.3,1.5,1.05,4/18/2024
MANFV,MANFV03,NWSE,soil,14.3,14.5,,,4/18/2024
MANFV,MANFV03,NWSE,Cial,14.5,14.9,0.37,0.57,4/18/2024
MANFV,MANFV03,NWSE,rock,14.9,15.8,,,4/18/2024
MANFV,MANFV03,NWSE,soil,15.8,16.4,,,4/18/2024
MANFV,MANFV03,NWSE,rock,16.4,19.2,,,4/18/2024
MANFV,MANFV03,NWSE,Chhu,19.2,19.4,0.45,0.25,4/18/2024
MANFV,MANFV03,NWSE,rock,19.2,20.0,,,4/18/2024
MANFV,MANFV03,NWSE,Brre,19.4,19.7,0.6,0.2,4/18/2024
MANFV,MANFV02,NESW,Cial,0.0,0.1,0.5,0.97,4/12/2024
MANFV,MANFV02,NESW,rock,0.1,1.7,6.8,,4/12/2024
MANFV,MANFV02,NESW,Cial,1.7,3.7,0.95,1.15,4/12/2024
MANFV,MANFV02,NESW,Cial,4.3,4.5,0.27,0.7,4/12/2024
MANFV,MANFV02,NESW,Cial,6.2,7.6,1.6,1.27,4/12/2024
MANFV,MANFV02,NESW,Cial,7.8,7.9,0.17,0.75,4/12/2024
MANFV,MANFV02,NESW,soil,4.0,4.3,,,4/12/2024
MANFV,MANFV02,NESW,Cial,9.4,9.6,0.3,0.54,4/12/2024
MANFV,MANFV02,NESW,Cial,10.8,11.5,1.09,1.04,4/12/2024
MANFV,MANFV02,NESW,Quco,5.2,6.4,0.68,1.36,4/12/2024
MANFV,MANFV02,NESW,Cial,14.1,14.7,1.04,0.44,4/12/2024
MANFV,MANFV02,NESW,Cial,17.1,17.7,0.37,0.65,4/12/2024
MANFV,MANFV02,NWSE,Cial,0.8,2.8,1.5,1,4/12/2024
MANFV,MANFV02,NWSE,Cial,3.8,4.1,0.1,1.1,4/12/2024
MANFV,MANFV02,NESW,rock,7.6,7.8,,,4/12/2024
MANFV,MANFV02,NWSE,Cial,5.2,5.9,1.05,0.5,4/12/2024
MANFV,MANFV02,NWSE,Cial,8.6,9.1,0.6,0.95,4/12/2024
MANFV,MANFV02,NESW,Quco,7.9,9.3,0.9,1.4,4/12/2024
MANFV,MANFV02,NWSE,Cial,10.9,11.2,0.37,0.57,4/12/2024
MANFV,MANFV02,NWSE,Cial,12.7,13.0,0.65,0.95,4/12/2024
MANFV,MANFV02,NWSE,Cial,13.3,13.8,0.37,1.3,4/12/2024
MANFV,MANFV02,NWSE,Cial,17.2,17.3,0.07,0.02,4/12/2024
MANFV,MANFV02,NWSE,Cial,17.9,18.7,0.41,0.82,4/12/2024
MANFV,MANFV02,NWSE,Cial,19.5,20.0,0.57,0.96,4/12/2024
MANFV,MANFV01,NESW,Cial,1.3,1.3,0.35,1.08,4/11/2024
MANFV,MANFV02,NESW,Cyba,12.9,13.1,0.03,0.04,4/12/2024
MANFV,MANFV02,NESW,rock,13.1,13.4,,,4/12/2024
MANFV,MANFV01,NESW,Cial,2.8,3.0,0.13,0.88,4/11/2024
MANFV,MANFV01,NESW,Cial,4.1,4.3,0.55,1.28,4/11/2024
MANFV,MANFV02,NESW,soil,14.6,15.3,,,4/12/2024
MANFV,MANFV01,NESW,Cial,4.5,4.8,2,1.1,4/11/2024
MANFV,MANFV02,NESW,rock,15.7,16.0,,,4/12/2024
MANFV,MANFV01,NESW,Cial,5.1,5.7,2,1.3,4/11/2024
MANFV,MANFV01,NESW,Cial,6.2,8.6,0.6,0.36,4/11/2024
MANFV,MANFV01,NESW,Cial,9.7,9.8,0.45,0.16,4/11/2024
MANFV,MANFV01,NESW,Cial,10.6,11.0,0.88,0.95,4/11/2024
MANFV,MANFV01,NWSE,Cial,8.4,9.6,2.23,0.96,4/11/2024
MANFV,MANFV01,NWSE,Cial,10.6,14.7,2,0.95,4/11/2024
MANFV,MANFV20,NESW,Cimo,15.2,15.4,0.7,0.2,6/26/2024
MANFV,MANFV20,NESW,Cimo,18.5,18.9,0.3,0.8,6/26/2024
MANFV,MANFV20,NESW,Cimo,19.9,20,0.75,1,6/26/2024
MANFV,MANFV02,NWSE,Quco,3.0,3.7,0.9,1.85,4/12/2024
MANFV,MANFV10,NESW,Cimo,6.8,7.6,1,0.5,5/28/2024
MANFV,MANFV09,NWSE,Cimo,17.1,19.0,1.4,1.1,5/21/2024
MANFV,MANFV29,NESW,Ermu,4.9,5.2,0.8,0.3,7/10/2024
MANFV,MANFV29,NESW,Ermu,6.6,6.8,1,0.3,7/10/2024
MANFV,MANFV02,NWSE,soil,5.9,6.4,,,4/12/2024
MANFV,MANFV29,NESW,Ermu,16.2,17.2,1,0.45,7/10/2024
MANFV,MANFV02,NWSE,soil,7.2,7.5,,,4/12/2024
MANFV,MANFV29,NESW,Ermu,18.6,19.0,0.6,0.5,7/10/2024
MANFV,MANFV29,NWSE,Ermu,7.7,8.1,0.4,0.65,7/10/2024
MANFV,MANFV29,NWSE,Ermu,14.3,15.1,0.45,0.3,7/10/2024
MANFV,MANFV02,NWSE,soil,9.1,9.4,,,4/12/2024
MANFV,MANFV29,NWSE,Ermu,15.9,16.3,0.45,0.45,7/10/2024
MANFV,MANFV02,NWSE,soil,10.0,10.3,,,4/12/2024
MANFV,MANFV15,NESW,Ermu,5.4,5.6,0.5,0.3,6/13/2024
MANFV,MANFV02,NWSE,rock,10.6,10.8,,,4/12/2024
MANFV,MANFV15,NWSE,Ermu,17.8,18.5,0.5,0.5,6/13/2024
MANFV,MANFV05,NWSE,Ermu,13.5,13.8,0.4,1.2,5/6/2024
MANFV,MANFV05,NWSE,Ermu,17.7,18.1,0.7,0.3,5/6/2024
MANFV,MANFV02,NWSE,soil,11.2,11.4,,,4/12/2024
MANFV,MANFV05,NWSE,Ermu,18.3,19.1,0.7,0.5,5/6/2024
MANFV,MANFV02,NWSE,Ermu,4.8,5.1,0.4,0.7,4/12/2024
MANFV,MANFV02,NWSE,Ermu,12.9,13.3,0.5,0.6,4/12/2024
MANFV,MANFV29,NESW,Pile,0.0,0.1,0.6,0.5,7/10/2024
MANFV,MANFV29,NESW,Pile,6.7,7.3,0.8,0.35,7/10/2024
MANFV,MANFV02,NWSE,Quco,13.7,16.8,3,2,4/12/2024
MANFV,MANFV29,NWSE,Pile,0.7,1.7,0.8,0.6,7/10/2024
MANFV,MANFV29,NWSE,Pile,7.8,8.3,2,0.4,7/10/2024
MANFV,MANFV02,NWSE,rock,16.4,17.2,,,4/12/2024
MANFV,MANFV29,NWSE,Pile,10.4,11.1,0.7,0.4,7/10/2024
MANFV,MANFV29,NWSE,Pile,16.8,18.6,1.35,0.6,7/10/2024
MANFV,MANFV28,NESW,Pile,0.7,3.1,1.45,0.8,7/9/2024
MANFV,MANFV28,NESW,Pile,17.1,19.4,1.8,0.8,7/9/2024
MANFV,MANFV02,NWSE,Quco,18.2,18.8,0.9,0.9,4/12/2024
MANFV,MANFV28,NWSE,Pile,0.0,0.8,2,1.3,7/9/2024
MANFV,MANFV02,NWSE,rock,18.9,19.7,,,4/12/2024
MANFV,MANFV28,NWSE,Pile,3.2,4.5,2,1,7/9/2024
MANFV,MANFV02,NWSE,Quco,19.5,20.0,0.15,0.3,4/12/2024
MANFV,MANFV01,NESW,soil,0.0,0.6,,,4/11/2024
MANFV,MANFV23,NESW,Pile,4.6,4.9,0.45,0.4,7/3/2024
MANFV,MANFV23,NESW,Pile,6.3,6.4,0.2,0.2,7/3/2024
MANFV,MANFV01,NESW,soil,0.8,0.9,,,4/11/2024
MANFV,MANFV23,NESW,Pile,7.2,7.7,0.7,0.6,7/3/2024
MANFV,MANFV01,NESW,Loim,1.2,1.4,0.21,0.33,4/11/2024
MANFV,MANFV20,NESW,Pile,11.3,11.65,0.3,0.3,6/26/2024
MANFV,MANFV01,NESW,soil,1.4,2.0,0.34,0.02,4/11/2024
MANFV,MANFV20,NESW,Pile,17.3,18,1.7,0.5,6/26/2024
MANFV,MANFV20,NESW,Pile,19.4,19.8,0.7,0.9,6/26/2024
MANFV,MANFV01,NESW,Loim,2.2,2.2,0.3,0.67,4/11/2024
MANFV,MANFV20,NWSE,Pile,0.4,1.1,0.5,0.3,6/26/2024
MANFV,MANFV20,NWSE,Pile,12.2,12.9,2.2,0.7,6/26/2024
MANFV,MANFV20,NWSE,Pile,13.6,14.7,2.5,0.6,6/26/2024
MANFV,MANFV20,NWSE,Pile,16.6,18.05,0.6,0.6,6/26/2024
MANFV,MANFV15,NESW,Pile,0.0,0.3,1.4,1,6/13/2024
MANFV,MANFV15,NESW,Pile,13.3,13.5,0.8,0.7,6/13/2024
MANFV,MANFV15,NESW,Pile,14.3,15.1,1.4,0.7,6/13/2024
MANFV,MANFV15,NWSE,Pile,12.9,14.3,2,0.7,6/13/2024
MANFV,MANFV10,NESW,Pile,19.0,20.0,2,1.5,5/28/2024
MANFV,MANFV10,NWSE,Pile,0.0,0.4,1.5,1.5,5/28/2024
MANFV,MANFV10,NWSE,Pile,13.3,14.4,1.15,0.85,5/28/2024
MANFV,MANFV10,NWSE,Pile,16.0,18.8,2,2,5/28/2024
MANFV,MANFV09,NESW,Pile,8.0,9.9,2,1.3,5/21/2024
MANFV,MANFV09,NESW,Pile,16.2,18.0,1.7,1.4,5/21/2024
MANFV,MANFV09,NWSE,Pile,13.5,14.0,0.9,0.8,5/21/2024
MANFV,MANFV01,NESW,soil,12.4,13.0,,,4/11/2024
MANFV,MANFV05,NESW,Pile,2.0,3.3,1.1,0.6,5/6/2024
MANFV,MANFV05,NESW,Pile,11.7,15.2,2.9,2.3,5/6/2024
MANFV,MANFV05,NWSE,Pile,18.9,19.2,0.8,1.2,5/6/2024
MANFV,MANFV02,NESW,Pile,2.9,3.3,0.85,0.66,4/12/2024
MANFV,MANFV02,NESW,Pile,4.7,5.8,1.22,0.38,4/12/2024
MANFV,MANFV02,NESW,Pile,10.0,11.4,1.1,0.98,4/12/2024
MANFV,MANFV02,NESW,Pile,17.5,18.9,1.63,1.05,4/12/2024
MANFV,MANFV02,NWSE,Pile,0.0,1.5,0.8,0.7,4/12/2024
MANFV,MANFV02,NWSE,Pile,1.8,4.9,1.5,1.1,4/12/2024
MANFV,MANFV02,NWSE,Pile,7.7,8.7,0.6,0.6,4/12/2024
MANFV,MANFV02,NWSE,Pile,9.4,10.0,0.64,0.98,4/12/2024
MANFV,MANFV02,NWSE,Pile,10.3,10.6,0.9,1.37,4/12/2024
MANFV,MANFV02,NWSE,Pile,11.4,12.5,2,1.27,4/12/2024
MANFV,MANFV02,NWSE,Pile,15.4,15.5,0.46,0.8,4/12/2024
MANFV,MANFV01,NESW,Pile,13.0,15.4,3,1.1,4/11/2024
MANFV,MANFV28,NESW,Roof,16.0,17.4,0.8,0.65,7/9/2024
MANFV,MANFV29,NESW,Smas,6.7,7.1,0.7,0.3,7/10/2024
MANFV,MANFV20,NWSE,Smas,2.65,2.8,0.45,0.2,6/26/2024
MANFV,MANFV05,NWSE,Smas,10.4,10.7,0.5,0.2,5/6/2024
MANFV,MANFV01,NESW,Smas,13.0,13.8,0.5,0.9,4/11/2024
MANFV,MANFV01,NESW,Smas,15.0,15.4,0.15,0.3,4/11/2024
MANFV,MANFV01,NWSE,litter,15.3,20.0,,,4/11/2024
MANFV,MANFV01,NESW,Smas,16.2,20.0,1.5,2,4/11/2024
MANFV,MANFV01,NWSE,Smas,10.5,10.6,0.16,0.48,4/11/2024
MANFV,MANFV01,NWSE,Smas,16.5,16.6,0.26,0.5,4/11/2024
MANFV,MANFV01,NWSE,Smas,17.2,17.2,0.24,0.2,4/11/2024
MANFV,MANFV01,NWSE,Smas,18.6,18.6,0.2,0.2,4/11/2024
MANFV,MANFV01,NWSE,Smas,19.2,19.3,0.2,0.5,4/11/2024
