CommonNameCat,Family,Genus,Species,Authority,Code,Group,Family2,Raunkiaer,Woodiness,LeafType,LeafPhenology,Leafshape,Mechanism,Ref.Mechanism,Clonality,RootType,Dispersal,LeafSize,GrowthForm,Afbt,Bfbt,Cfbt,Dfbt,CR,Awsh,Bwsh,Ratio,Ref. fuels,BD,Ref.BulkDensity,WoodDensity tn/m3,Ref.WoodDensity,SAV,Ref.SAV,Heat,Ref.heat,minFMC,Ref.FMC
Porrassa,LILIACEAE,Asphodelus ramosus,Asphodelus ramosus L. subsp. ramosus,L. ,Asra,monocot,Xanthorrhoeaceae,geophyte,herbaceous,malacophyll,deciduous,linear,resprouter,"Pantis and Margaris, 1988; Garcia et al 2016",storage-organ geophyte,tuberous,autochory,mesophyll,forb,,,,,,0.96,0.71,2.62,Sánchez-Pinillos et al. (2021),,,,,3620,Sánchez-Pinillos et al. (2021),18250,Sánchez-Pinillos et al. (2021),50,"Vilà et al., 2001"
Viola de Sant Pere,PRIMULACEAE,Cyclamen,Cyclamen balearicum,Willk.,Cyba,dicot,Primulaceae,geophyte,herbaceous,malacophyll,deciduous,broad,resprouter,,storage-organ geophyte,tuberous,autochory,notophyll,forb,,,,,,0.96,0.71,2.62,Sánchez-Pinillos et al. (2021),,,,,5740,Sánchez-Pinillos et al. (2021),19740,Sánchez-Pinillos et al. (2021),63.9,
Càrritx,GRAMINEAE (POACEAE),Ampelodesmos,Ampelodesmos mauritanicus,Poiret T. Durand et Schinz,Amma,monocot,Poaceae,hemicryptophyte,herbaceous,sclerophyll,evergreen,linear,resprouter,Lloret et al. 2003,caespitose,fibrous,anemochory,microphyll,graminoid,,,,,,0.96,0.71,2.62,Sánchez-Pinillos et al. (2021),,,,,3620,Sánchez-Pinillos et al. (2021),18250,Sánchez-Pinillos et al. (2021),64.1,Domenech Agenjo et al. 2022
Fenas,GRAMINEAE (POACEAE),Brachypodium,Brachypodium retusum,(Pers.) Beauv.,Brre,monocot,Poaceae,hemicryptophyte,herbaceous,sclerophyll,evergreen,linear,resprouter,Caturla et al. 2000,rhizomatous,fibrous,autochory,microphyll,graminoid,,,,,,0.96,0.71,2.62,Sánchez-Pinillos et al. (2021),,,,,3620,Sánchez-Pinillos et al. (2021),17600,Cohen et al.(2003),20,Santana et al 2011
Margalló,PALMAE,Chamaerops,Chamaerops humilis,L.,Chhu,monocot,Arecaceae,nanophanerophyte,woody,sclerophyll,evergreen,linear,resprouter,Coca and Pausas 2011,basal suckers,fibrous,endozoochory,megaphyll,large shrub,,,,,,0.96,0.71,2.62,Sánchez-Pinillos et al. (2021),,,,,3620,Sánchez-Pinillos et al. (2021),18250,Sánchez-Pinillos et al. (2021),61,Xavier Castro (unpublished) 
Ginebró,CUPRESSACEAE,Juniperus,Juniperus oxycedrus subsp. oxycedrus,L. ,Juox,gymnosperm,Cupressaceae,phanerophyte,woody,sclerophyll,evergreen,needle-like,resprouter,"Quevedo, Rodrigo, Espelta 2007",nonclonal,taproot,endozoochory,leptophyll,large shrub,0.231,0.79,0.00,0.00,,0.31,0.76,2.62,Sánchez-Pinillos et al. (2021),,,,,10200,Elvira and Hernando (1989),22560,Elvira and Hernando (1989),37,Elvira and Hernando (1989)
LLentiscle,ANACARDIACEAE,Pistacia,Pistacia lentiscus,L.,Pile,dicot,Anacardiaceae,macrophanerophyte,woody,sclerophyll,evergreen,broad,resprouter,"Vilà-Cabrera, Saura-Mas, and Lloret 2008; Coca and Pausas 2011",basal suckers,branched,endozoochory,microphyll,large shrub,,,,,0.52,1.53,0.65,2.27,Sánchez-Pinillos et al. (2021),1.34,de Cáceres et al.(2020),0.68,,7030,Cohen et al.(2003),19900,Cohen et al.(2003),95.8,Domenech Agenjo et al. 2022
Coscoll,FAGACEAE,Quercus,Quercus coccifera,L.,Quco,dicot,Fagaceae,nanophanerophyte,woody,sclerophyll,evergreen,broad,resprouter,Coca and Pausas 2011,basal suckers,taproot,synzoochory,nanophyll,large shrub,,,,,0.97,0.64,0.56,2.29,Sánchez-Pinillos et al. (2021),1.85,de Cáceres et al.(2020),0.82,,4141,Cohen et al.(2003),21100,Cohen et al.(2003),43,Elvira and Hernando (1989)
Lligabosc,CAPRIFOLLIACEAE,Lonicera,Lonicera implexa,Ait.,Loim,dicot,Caprifoliaceae,phanerophyte,woody,sclerophyll,evergreen,broad,resprouter,"Vilà-Cabrera, Saura-Mas, and Lloret 2008; Coca and Pausas 2011",layering,fibrous,endozoochory,microphyll,liana,,,,,,0.96,0.71,3.01,Sánchez-Pinillos et al. (2021),,,,,5740,Sánchez-Pinillos et al. (2021),19740,Sánchez-Pinillos et al. (2021),71,Sánchez-Pinillos et al. (2021)
Esbarzerola,ROSACEAE,Rubus ,Rubus caesius,L.,Ruca,dicot,Rosaceae,phanerophyte,woody,malacophyll,semi deciduous,broad,resprouter,,tip rooting,branched,endozoochory,mesophyll,liana,,,,,,0.96,0.71,2.62,Sánchez-Pinillos et al. (2021),,,,,4039,Sánchez-Pinillos et al. (2021),20037,Elvira and Hernando (1989) for R. ulmifolius,71,Elvira and Hernando (1989) for Rubus idaeus
Esbarcer,ROSACEAE,Rubus,Rubus ulmifolius,Schott,Ruul,dicot,Rosaceae,phanerophyte,woody,malacophyll,semi deciduous,broad,resprouter,"Vilà-Cabrera, Saura-Mas, and Lloret 2008",tip rooting,branched,endozoochory,mesophyll,liana,,,,,,0.96,0.71,2.62,Sánchez-Pinillos et al. (2021),,,,,4039,Sánchez-Pinillos et al. (2021),20037,Elvira and Hernando (1989),71,Elvira and Hernando (1989) for R. idaeus
Eura del diable,LILIACEAE,Smilax,Smilax aspera,L.,Smas,monocot,Smilacaceae,phanerophyte,woody,sclerophyll,evergreen,broad,resprouter,"Vilà-Cabrera, Saura-Mas, and Lloret 2008; Coca and Pausas 2011",rhizomatous,tuberous,endozoochory,microphyll,liana,,,,,,0.96,0.71,2.62,Sánchez-Pinillos et al. (2021),,,,,5740,Sánchez-Pinillos et al. (2021),19740,Sánchez-Pinillos et al. (2021),80,
Estepa groga,LEGUMINOSAE,Anthyllis,Anthyllis cytisoides,L.,Ancy,dicot,Fabaceae,nanophanerophyte,woody,semi sclerophyll,semi deciduous,broad,facultative,Pausas et al. 2004,nonclonal,taproot,barochory,nanophyll,shrub,,,,,,1.52,0.91,3.05,Sánchez-Pinillos et al. (2021),,,,,4039,Sánchez-Pinillos et al. (2021),19825,Sánchez-Pinillos et al. (2021),68,Saura Mas and Lloret 2007
Argelaga,LEGUMINOSAE,Calicotome,Calicotome spinosa,L. Link,Casp,dicot,Fabaceae,nanophanerophyte,woody,sclerophyll,semi deciduous,broad,facultative,"Vilà-Cabrera, Saura-Mas, and Lloret 2008",nonclonal,taproot,ballistochory,nanophyll,shrub,,,,,,1.52,0.91,3.05,Sánchez-Pinillos et al. (2021),,,,,4386,Sánchez-Pinillos et al. (2021),20019,Dimitrakopoulos and Panov 2001 for  C. villosa,38,Réseaux hydrique French database
Estepa blanca,CISTACEAE,Cistus,Cistus albidus,L.,Cial,dicot,Cistaceae,chamaephyte,woody,semi sclerophyll,semi deciduous,broad,seeder,"Vilà-Cabrera, Saura-Mas, and Lloret 2008",nonclonal,taproot,ballistochory,microphyll,shrub,,,,,0.69,0.29,0.59,3.05,Sánchez-Pinillos et al. (2021),0.84,de Cáceres et al.(2020),,,4039,Sánchez-Pinillos et al. (2021),19506,Elvira and Hernando (1989),65.8,Domenech Agenjo et al. 2022
Estepa negra,CISTACEAE,Cistus,Cistus monspeliensis,L.,Cimo,dicot,Cistaceae,chamaephyte,woody,semi sclerophyll,semi deciduous,broad,seeder,"Vilà-Cabrera, Saura-Mas, and Lloret 2008",nonclonal,taproot,ballistochory,nanophyll,shrub,,,,,0.69,0.29,0.59,3.05,Sánchez-Pinillos et al. (2021),3.07,de Cáceres et al.(2020),,,3500,Cohen et al.(2003),18900,Cohen et al.(2003),64,Domenech Agenjo et al. 2022
Xipell,ERICACEAE,Erica,Erica multiflora,L.,Ermu,dicot,Ericaceae,nanophanerophyte,woody,sclerophyll,evergreen,needle-like,resprouter,Lloret 1993,nonclonal,branched,autochory,leptophyll,shrub,,,,,0.58,2.08,0.77,3.47,Sánchez-Pinillos et al. (2021),1.65,de Cáceres et al.(2020),,,6804,Sánchez-Pinillos et al. (2021),24108,Elvira and Hernando (1989),57.2,Domenech Agenjo et al. 2022
Gatosa,LEGUMINOSAE,Genista,Genista tricuspidata,Desf.,Getr,dicot,Fabaceae,nanophanerophyte,woody,sclerophyll,evergreen,broad,facultative,,nonclonal,taproot,ballistochory,leptophyll,shrub,,,,,0.71,1.52,0.91,2.62,Sánchez-Pinillos et al. (2021),2.75,de Cáceres et al.(2020),,,4386,Sánchez-Pinillos et al. (2021),19852,from G. acanthoclada,52,Xavier Castro (unpublished) for G. scorpius
Esparraguera borda,LILIACEAE,Asparagus,Asparagus acutifolius,L. ,Asac,monocot,Asparagaceae,geophyte,woody,sclerophyll,evergreen,needle-like,resprouter,Hatzistathis et al,rhizomatous,fasciculated,endozoochory,leptophyll,suffrutex,,,,,,0.96,0.71,2.62,Sánchez-Pinillos et al. (2021),,,,,6804,Sánchez-Pinillos et al. (2021),22510,Sánchez-Pinillos et al. (2021),80,Saura Mas and Lloret 2007
Esparragera de gat,LILIACEAE,Asparagus,Asparagus albus,L.,Asal,monocot,Asparagaceae,geophyte,woody,sclerophyll,deciduous,needle-like,resprouter,Coca and Pausas 2011,rhizomatous,fasciculated,endozoochory,leptophyll,suffrutex,,,,,,0.96,0.71,2.62,Sánchez-Pinillos et al. (2021),,,,,6804,Sánchez-Pinillos et al. (2021),22511,Sánchez-Pinillos et al. (2021),80,Saura Mas and Lloret 2007
Romaní,LABIATAE (LAMIACEAE),Rosmarinus,Rosmarinus officinalis,L.,Roof,dicot,Lamiaceae,nanophanerophyte,woody,sclerophyll,evergreen,linear,seeder,"Vilà-Cabrera, Saura-Mas, and Lloret 2008",nonclonal,taproot,anemochory,leptophyll,suffrutex,,,,,0.72,2.03,0.97,3.12,Sánchez-Pinillos et al. (2021),1.64,de Cáceres et al.(2020),,,4860,Cohen et al.(2003),22700,Cohen et al.(2003),61.2,Domenech Agenjo et al. 2022
Frígola borda,LABIATAE (LAMIACEAE),Teucrium,Teucrium capitatum,L.,Teca,dicot,Lamiaceae,chamaephyte,woody,malacophyll,semi deciduous,broad,resprouter,Alfaro-Sanchez et al 2015,nonclonal,taproot,ballistochory,leptophyll,suffrutex,,,,,,0.96,0.71,2.62,Sánchez-Pinillos et al. (2021),,,,,4386,Sánchez-Pinillos et al. (2021),19852,Sánchez-Pinillos et al. (2021),80,
Farigola,LABIATAE (LAMIACEAE),Thymus,Thymus herba-barona Loisel. subsp bivalens,"Mayol,L. Saez & Rossello",Thhb,dicot,Lamiaceae,chamaephyte,woody,sclerophyll,evergreen,linear,seeder,,nonclonal,taproot,anemochory,leptophyll,suffrutex,,,,,,1.52,0.91,4.24,Sánchez-Pinillos et al. (2021),7.94,de Cáceres et al.(2020),,,2560,Sánchez-Pinillos et al. (2021),21000,Sánchez-Pinillos et al. (2021),33,Elvira and Hernando (1989) for T. vulgaris
Garrofer,LEGUMINOSAE,Ceratonia,Ceratonia siliqua,L.,Cesi,dicot,Fabaceae,phanerophyte,woody,sclerophyll,evergreen,broad,resprouter,Coca and Pausas 2011,nonclonal,taproot,endozoochory,mesophyll,tree,0.119,1.63,0.00,0.00,,,,2.23,Sánchez-Pinillos et al. (2021),,,0.52,,5740,Sánchez-Pinillos et al. (2021),19740,Sánchez-Pinillos et al. (2021),80,Saura Mas and Lloret 2007
Ullastre,OLEACEAE,Olea,Olea europaea,L.,Oleu,dicot,Oleaceae,macrophanerophyte,woody,sclerophyll,evergreen,broad,resprouter,Coca and Pausas 2011,basal suckers,branched,endozoochory,microphyll,tree,0.031,1.53,0.00,0.00,,0.31,0.96,2.23,Sánchez-Pinillos et al. (2021),,,,,2400,Cohen et al.(2003),19500,Cohen et al.(2003),68,Domenech Agenjo et al. 2022
Pi blanc,PINACEAE,Pinus,Pinus halepensis,Mill.,Piha,gymnosperm,Pinaceae,phanerophyte,woody,sclerophyll,evergreen,needle-like,seeder,,nonclonal,taproot,anemochory,nanophyll,tree,0.057,1.52,-0.03,0.00,,0.31,0.76,1.96,Sánchez-Pinillos et al. (2021),,,0.46,,6050,Cohen et al.(2003),22300,Cohen et al.(2003),109.1,Domenech Agenjo et al. 2022
Ametller,ROSACEAE,Prunus,Prunus dulcis,,Prdu,dicot,Rosaceae,phanerophyte,woody,malacophyll,deciduous,broad,resprouter,,nonclonal,taproot,endozoochory,microphyll,tree,,,,,,,,2.23,Sánchez-Pinillos et al. (2021),,,,,5740,Sánchez-Pinillos et al. (2021),19740,Sánchez-Pinillos et al. (2021),80,Saura Mas and Lloret 2007
Alzina,FAGACEAE,Quercus,Quercus ilex subsp. ilex,L. ,Quil,dicot,Fagaceae,phanerophyte,woody,sclerophyll,evergreen,broad,resprouter,"Vilà-Cabrera, Saura-Mas, and Lloret 2008",basal suckers,taproot,synzoochory,microphyll,tree,0.063,1.55,-0.01,0.00,,0.61,0.76,1.81,Sánchez-Pinillos et al. (2021),1.12,de Cáceres et al.(2020),0.82,,4050,Cohen et al.(2003),19300,Cohen et al.(2003),74.1,Domenech Agenjo et al. 2022
